unsigned char initcode_out[] = {
  0x7f, 0x45, 0x4c, 0x46, 0x02, 0x01, 0x01, 0x00, 0x00, 0x00, 0x00, 0x00,
  0x00, 0x00, 0x00, 0x00, 0x02, 0x00, 0xf3, 0x00, 0x01, 0x00, 0x00, 0x00,
  0xec, 0x06, 0x00, 0x00, 0x00, 0x00, 0x00, 0x00, 0x40, 0x00, 0x00, 0x00,
  0x00, 0x00, 0x00, 0x00, 0xd0, 0x4a, 0x00, 0x00, 0x00, 0x00, 0x00, 0x00,
  0x04, 0x00, 0x00, 0x00, 0x40, 0x00, 0x38, 0x00, 0x03, 0x00, 0x40, 0x00,
  0x12, 0x00, 0x11, 0x00, 0x03, 0x00, 0x00, 0x70, 0x04, 0x00, 0x00, 0x00,
  0xff, 0x44, 0x00, 0x00, 0x00, 0x00, 0x00, 0x00, 0x00, 0x00, 0x00, 0x00,
  0x00, 0x00, 0x00, 0x00, 0x00, 0x00, 0x00, 0x00, 0x00, 0x00, 0x00, 0x00,
  0x61, 0x00, 0x00, 0x00, 0x00, 0x00, 0x00, 0x00, 0x00, 0x00, 0x00, 0x00,
  0x00, 0x00, 0x00, 0x00, 0x01, 0x00, 0x00, 0x00, 0x00, 0x00, 0x00, 0x00,
  0x01, 0x00, 0x00, 0x00, 0x07, 0x00, 0x00, 0x00, 0xe8, 0x00, 0x00, 0x00,
  0x00, 0x00, 0x00, 0x00, 0x00, 0x00, 0x00, 0x00, 0x00, 0x00, 0x00, 0x00,
  0x00, 0x00, 0x00, 0x00, 0x00, 0x00, 0x00, 0x00, 0x30, 0x12, 0x00, 0x00,
  0x00, 0x00, 0x00, 0x00, 0x50, 0x12, 0x00, 0x00, 0x00, 0x00, 0x00, 0x00,
  0x08, 0x00, 0x00, 0x00, 0x00, 0x00, 0x00, 0x00, 0x51, 0xe5, 0x74, 0x64,
  0x06, 0x00, 0x00, 0x00, 0x00, 0x00, 0x00, 0x00, 0x00, 0x00, 0x00, 0x00,
  0x00, 0x00, 0x00, 0x00, 0x00, 0x00, 0x00, 0x00, 0x00, 0x00, 0x00, 0x00,
  0x00, 0x00, 0x00, 0x00, 0x00, 0x00, 0x00, 0x00, 0x00, 0x00, 0x00, 0x00,
  0x00, 0x00, 0x00, 0x00, 0x00, 0x00, 0x00, 0x00, 0x10, 0x00, 0x00, 0x00,
  0x00, 0x00, 0x00, 0x00, 0x13, 0x01, 0x01, 0xfe, 0x23, 0x3c, 0x11, 0x00,
  0x23, 0x38, 0x81, 0x00, 0x13, 0x04, 0x01, 0x02, 0xa3, 0x07, 0xb4, 0xfe,
  0x13, 0x06, 0x10, 0x00, 0x93, 0x05, 0xf4, 0xfe, 0x97, 0x10, 0x00, 0x00,
  0xe7, 0x80, 0x40, 0xa0, 0x83, 0x30, 0x81, 0x01, 0x03, 0x34, 0x01, 0x01,
  0x13, 0x01, 0x01, 0x02, 0x67, 0x80, 0x00, 0x00, 0x13, 0x01, 0x01, 0xfc,
  0x23, 0x3c, 0x11, 0x02, 0x23, 0x38, 0x81, 0x02, 0x23, 0x34, 0x91, 0x02,
  0x23, 0x30, 0x21, 0x03, 0x23, 0x3c, 0x31, 0x01, 0x13, 0x04, 0x01, 0x04,
  0x13, 0x09, 0x05, 0x00, 0x63, 0x84, 0x06, 0x00, 0x63, 0xc4, 0x05, 0x0a,
  0x13, 0x0e, 0x00, 0x00, 0x13, 0x03, 0x04, 0xfc, 0x93, 0x06, 0x03, 0x00,
  0x93, 0x07, 0x00, 0x00, 0x17, 0x18, 0x00, 0x00, 0x13, 0x08, 0xc8, 0xbd,
  0x93, 0x88, 0x07, 0x00, 0x1b, 0x85, 0x17, 0x00, 0x93, 0x07, 0x05, 0x00,
  0x3b, 0xf7, 0xc5, 0x02, 0x13, 0x17, 0x07, 0x02, 0x13, 0x57, 0x07, 0x02,
  0x33, 0x07, 0xe8, 0x00, 0x03, 0x47, 0x07, 0x00, 0x23, 0x80, 0xe6, 0x00,
  0x13, 0x87, 0x05, 0x00, 0xbb, 0xd5, 0xc5, 0x02, 0x93, 0x86, 0x16, 0x00,
  0xe3, 0x78, 0xc7, 0xfc, 0x63, 0x0c, 0x0e, 0x00, 0x93, 0x07, 0x05, 0xfd,
  0x33, 0x85, 0x87, 0x00, 0x93, 0x07, 0xd0, 0x02, 0x23, 0x08, 0xf5, 0xfe,
  0x9b, 0x87, 0x28, 0x00, 0x9b, 0x89, 0xf7, 0xff, 0xb3, 0x84, 0x67, 0x00,
  0x83, 0xc5, 0xf4, 0xff, 0x13, 0x05, 0x09, 0x00, 0x97, 0x00, 0x00, 0x00,
  0xe7, 0x80, 0x00, 0xf3, 0x9b, 0x89, 0xf9, 0xff, 0x93, 0x84, 0xf4, 0xff,
  0xe3, 0xd4, 0x09, 0xfe, 0x83, 0x30, 0x81, 0x03, 0x03, 0x34, 0x01, 0x03,
  0x83, 0x34, 0x81, 0x02, 0x03, 0x39, 0x01, 0x02, 0x83, 0x39, 0x81, 0x01,
  0x13, 0x01, 0x01, 0x04, 0x67, 0x80, 0x00, 0x00, 0xbb, 0x05, 0xb0, 0x40,
  0x13, 0x0e, 0x10, 0x00, 0x6f, 0xf0, 0x9f, 0xf5, 0x13, 0x01, 0x01, 0xfe,
  0x23, 0x3c, 0x11, 0x00, 0x23, 0x38, 0x81, 0x00, 0x23, 0x34, 0x91, 0x00,
  0x13, 0x04, 0x01, 0x02, 0x93, 0x04, 0x05, 0xff, 0x97, 0x17, 0x00, 0x00,
  0x83, 0xb7, 0x47, 0x11, 0x6f, 0x00, 0x00, 0x06, 0x03, 0xa7, 0x86, 0x00,
  0x3b, 0x07, 0xc7, 0x00, 0x23, 0x2c, 0xe5, 0xfe, 0x03, 0xb7, 0x07, 0x00,
  0x83, 0x36, 0x07, 0x00, 0x6f, 0x00, 0x00, 0x07, 0x03, 0x27, 0x85, 0xff,
  0x3b, 0x07, 0xc7, 0x00, 0x23, 0xa4, 0xe7, 0x00, 0x83, 0x36, 0x05, 0xff,
  0x93, 0x84, 0x07, 0x00, 0x6f, 0x00, 0x40, 0x07, 0x13, 0x05, 0x00, 0x10,
  0x3b, 0x05, 0xe5, 0x40, 0x97, 0x00, 0x00, 0x00, 0xe7, 0x80, 0xc0, 0x0a,
  0x93, 0x07, 0x00, 0x10, 0x23, 0xa4, 0xf4, 0x00, 0x6f, 0x00, 0x80, 0x08,
  0x03, 0xb7, 0x07, 0x00, 0x63, 0xe4, 0xe7, 0x00, 0x63, 0xec, 0xe4, 0x00,
  0x93, 0x07, 0x07, 0x00, 0xe3, 0xf8, 0x97, 0xfe, 0x03, 0xb7, 0x07, 0x00,
  0x63, 0xe4, 0xe4, 0x00, 0xe3, 0xe8, 0xe7, 0xfe, 0x03, 0x26, 0x85, 0xff,
  0x83, 0xb6, 0x07, 0x00, 0x93, 0x15, 0x06, 0x02, 0x13, 0xd7, 0xc5, 0x01,
  0x33, 0x87, 0xe4, 0x00, 0xe3, 0x80, 0xe6, 0xf8, 0x23, 0x38, 0xd5, 0xfe,
  0x03, 0xa6, 0x87, 0x00, 0x93, 0x16, 0x06, 0x02, 0x13, 0xd7, 0xc6, 0x01,
  0x33, 0x87, 0xe7, 0x00, 0x93, 0x86, 0x04, 0x00, 0xe3, 0x8e, 0xe4, 0xf6,
  0x23, 0xb0, 0xd7, 0x00, 0x17, 0x17, 0x00, 0x00, 0x23, 0x32, 0xf7, 0x06,
  0x03, 0xa7, 0x84, 0x00, 0x93, 0x16, 0x07, 0x02, 0x93, 0xd7, 0xc6, 0x01,
  0xb3, 0x87, 0xf4, 0x00, 0x97, 0x16, 0x00, 0x00, 0x83, 0xb6, 0x46, 0x04,
  0x63, 0xe6, 0xd7, 0x00, 0x93, 0x07, 0xf0, 0x3f, 0xe3, 0xe2, 0xe7, 0xf6,
  0x83, 0x30, 0x81, 0x01, 0x03, 0x34, 0x01, 0x01, 0x83, 0x34, 0x81, 0x00,
  0x13, 0x01, 0x01, 0x02, 0x67, 0x80, 0x00, 0x00, 0x13, 0x01, 0x01, 0xfe,
  0x23, 0x3c, 0x11, 0x00, 0x23, 0x38, 0x81, 0x00, 0x23, 0x34, 0x91, 0x00,
  0x13, 0x04, 0x01, 0x02, 0x93, 0x04, 0x05, 0x00, 0x63, 0x5e, 0xa0, 0x04,
  0x1b, 0x15, 0x45, 0x00, 0x97, 0x10, 0x00, 0x00, 0xe7, 0x80, 0xc0, 0x81,
  0x93, 0x07, 0x05, 0x00, 0x13, 0x07, 0xf0, 0xff, 0x13, 0x05, 0x00, 0x00,
  0x63, 0x86, 0xe7, 0x02, 0x23, 0xa4, 0x97, 0x00, 0x93, 0x94, 0x44, 0x00,
  0xb3, 0x84, 0x97, 0x00, 0x17, 0x17, 0x00, 0x00, 0x23, 0x3c, 0x97, 0xfc,
  0x13, 0x85, 0x07, 0x01, 0x97, 0x00, 0x00, 0x00, 0xe7, 0x80, 0x80, 0xea,
  0x17, 0x15, 0x00, 0x00, 0x03, 0x35, 0xc5, 0xfc, 0x83, 0x30, 0x81, 0x01,
  0x03, 0x34, 0x01, 0x01, 0x83, 0x34, 0x81, 0x00, 0x13, 0x01, 0x01, 0x02,
  0x67, 0x80, 0x00, 0x00, 0x1b, 0x15, 0x45, 0x00, 0x97, 0x00, 0x00, 0x00,
  0xe7, 0x80, 0x40, 0x7c, 0x13, 0x07, 0x05, 0x00, 0x93, 0x07, 0xf0, 0xff,
  0x13, 0x05, 0x00, 0x00, 0xe3, 0x0a, 0xf7, 0xfc, 0x97, 0x17, 0x00, 0x00,
  0x93, 0x87, 0xc7, 0xf8, 0x93, 0x94, 0x44, 0x00, 0x03, 0xb7, 0x07, 0x00,
  0xb3, 0x84, 0xe4, 0x00, 0x23, 0xb0, 0x97, 0x00, 0x6f, 0xf0, 0x9f, 0xfb,
  0x13, 0x01, 0x01, 0xfb, 0x23, 0x34, 0x11, 0x04, 0x23, 0x30, 0x81, 0x04,
  0x23, 0x3c, 0x91, 0x02, 0x23, 0x34, 0x31, 0x03, 0x13, 0x04, 0x01, 0x05,
  0x93, 0x19, 0x05, 0x02, 0x93, 0xd9, 0x09, 0x02, 0x93, 0x89, 0xf9, 0x00,
  0x93, 0xd9, 0x49, 0x00, 0x9b, 0x89, 0x19, 0x00, 0x93, 0x84, 0x09, 0x00,
  0x17, 0x15, 0x00, 0x00, 0x03, 0x35, 0x85, 0xf4, 0x63, 0x00, 0x05, 0x04,
  0x83, 0x37, 0x05, 0x00, 0x03, 0xa7, 0x87, 0x00, 0x63, 0x7e, 0x37, 0x0b,
  0x23, 0x38, 0x21, 0x03, 0x23, 0x30, 0x41, 0x03, 0x23, 0x3c, 0x51, 0x01,
  0x23, 0x38, 0x61, 0x01, 0x23, 0x34, 0x71, 0x01, 0x17, 0x19, 0x00, 0x00,
  0x13, 0x09, 0xc9, 0xf1, 0x13, 0x8b, 0x09, 0x00, 0x93, 0x8a, 0x09, 0x00,
  0x13, 0x0a, 0x00, 0x10, 0x93, 0x0b, 0x00, 0x10, 0x6f, 0x00, 0xc0, 0x05,
  0x23, 0x38, 0x21, 0x03, 0x23, 0x30, 0x41, 0x03, 0x23, 0x3c, 0x51, 0x01,
  0x23, 0x38, 0x61, 0x01, 0x23, 0x34, 0x71, 0x01, 0x97, 0x17, 0x00, 0x00,
  0x93, 0x87, 0x47, 0xef, 0x17, 0x17, 0x00, 0x00, 0x23, 0x32, 0xf7, 0xee,
  0x23, 0xb0, 0xf7, 0x00, 0x23, 0xa4, 0x07, 0x00, 0x6f, 0xf0, 0x9f, 0xfb,
  0x03, 0xb7, 0x07, 0x00, 0x23, 0x30, 0xe5, 0x00, 0x6f, 0x00, 0xc0, 0x06,
  0x1b, 0x05, 0x05, 0x00, 0x97, 0x00, 0x00, 0x00, 0xe7, 0x80, 0xc0, 0xe9,
  0x63, 0x00, 0x05, 0x08, 0x83, 0x37, 0x05, 0x00, 0x03, 0xa7, 0x87, 0x00,
  0x63, 0x70, 0x97, 0x02, 0x03, 0x37, 0x09, 0x00, 0x13, 0x85, 0x07, 0x00,
  0xe3, 0x16, 0xf7, 0xfe, 0x13, 0x05, 0x0b, 0x00, 0xe3, 0xfa, 0x4a, 0xfd,
  0x13, 0x85, 0x0b, 0x00, 0x6f, 0xf0, 0xdf, 0xfc, 0x03, 0x39, 0x01, 0x03,
  0x03, 0x3a, 0x01, 0x02, 0x83, 0x3a, 0x81, 0x01, 0x03, 0x3b, 0x01, 0x01,
  0x83, 0x3b, 0x81, 0x00, 0xe3, 0x84, 0xe4, 0xfa, 0x3b, 0x07, 0x37, 0x41,
  0x23, 0xa4, 0xe7, 0x00, 0x93, 0x16, 0x07, 0x02, 0x13, 0xd7, 0xc6, 0x01,
  0xb3, 0x87, 0xe7, 0x00, 0x23, 0xa4, 0x37, 0x01, 0x17, 0x17, 0x00, 0x00,
  0x23, 0x3e, 0xa7, 0xe4, 0x13, 0x85, 0x07, 0x01, 0x83, 0x30, 0x81, 0x04,
  0x03, 0x34, 0x01, 0x04, 0x83, 0x34, 0x81, 0x03, 0x83, 0x39, 0x81, 0x02,
  0x13, 0x01, 0x01, 0x05, 0x67, 0x80, 0x00, 0x00, 0x03, 0x39, 0x01, 0x03,
  0x03, 0x3a, 0x01, 0x02, 0x83, 0x3a, 0x81, 0x01, 0x03, 0x3b, 0x01, 0x01,
  0x83, 0x3b, 0x81, 0x00, 0x6f, 0xf0, 0x5f, 0xfd, 0x13, 0x01, 0x01, 0xfb,
  0x23, 0x34, 0x11, 0x04, 0x23, 0x30, 0x81, 0x04, 0x23, 0x38, 0x21, 0x03,
  0x13, 0x04, 0x01, 0x05, 0x03, 0xc9, 0x05, 0x00, 0x63, 0x0a, 0x09, 0x24,
  0x23, 0x3c, 0x91, 0x02, 0x23, 0x34, 0x31, 0x03, 0x23, 0x30, 0x41, 0x03,
  0x23, 0x3c, 0x51, 0x01, 0x23, 0x38, 0x61, 0x01, 0x23, 0x34, 0x71, 0x01,
  0x93, 0x0a, 0x05, 0x00, 0x93, 0x0b, 0x06, 0x00, 0x93, 0x84, 0x15, 0x00,
  0x93, 0x09, 0x00, 0x00, 0x13, 0x0a, 0x50, 0x02, 0x13, 0x0b, 0x50, 0x01,
  0x6f, 0x00, 0x80, 0x02, 0x93, 0x05, 0x09, 0x00, 0x13, 0x85, 0x0a, 0x00,
  0x97, 0x00, 0x00, 0x00, 0xe7, 0x80, 0x00, 0xb9, 0x6f, 0x00, 0x80, 0x00,
  0x63, 0x80, 0x49, 0x03, 0x93, 0x84, 0x14, 0x00, 0x03, 0xc9, 0xf4, 0xff,
  0x63, 0x02, 0x09, 0x1e, 0xe3, 0x98, 0x09, 0xfe, 0xe3, 0x1c, 0x49, 0xfd,
  0x93, 0x09, 0x0a, 0x00, 0x6f, 0xf0, 0x9f, 0xfe, 0x63, 0x02, 0x49, 0x19,
  0x9b, 0x07, 0xd9, 0xf9, 0x93, 0xf7, 0xf7, 0x0f, 0x63, 0x68, 0xfb, 0x18,
  0x9b, 0x07, 0xd9, 0xf9, 0x13, 0xf7, 0xf7, 0x0f, 0x63, 0x62, 0xeb, 0x18,
  0x93, 0x17, 0x27, 0x00, 0x17, 0x07, 0x00, 0x00, 0x13, 0x07, 0x47, 0x73,
  0xb3, 0x87, 0xe7, 0x00, 0x83, 0xa7, 0x07, 0x00, 0xb3, 0x87, 0xe7, 0x00,
  0x67, 0x80, 0x07, 0x00, 0x13, 0x89, 0x8b, 0x00, 0x93, 0x06, 0x10, 0x00,
  0x13, 0x06, 0xa0, 0x00, 0x83, 0xa5, 0x0b, 0x00, 0x13, 0x85, 0x0a, 0x00,
  0x97, 0x00, 0x00, 0x00, 0xe7, 0x80, 0xc0, 0xb4, 0x93, 0x0b, 0x09, 0x00,
  0x93, 0x09, 0x00, 0x00, 0x6f, 0xf0, 0x9f, 0xf8, 0x13, 0x89, 0x8b, 0x00,
  0x93, 0x06, 0x00, 0x00, 0x13, 0x06, 0xa0, 0x00, 0x83, 0xa5, 0x0b, 0x00,
  0x13, 0x85, 0x0a, 0x00, 0x97, 0x00, 0x00, 0x00, 0xe7, 0x80, 0x40, 0xb2,
  0x93, 0x0b, 0x09, 0x00, 0x93, 0x09, 0x00, 0x00, 0x6f, 0xf0, 0x1f, 0xf6,
  0x13, 0x89, 0x8b, 0x00, 0x93, 0x06, 0x00, 0x00, 0x13, 0x06, 0x00, 0x01,
  0x83, 0xa5, 0x0b, 0x00, 0x13, 0x85, 0x0a, 0x00, 0x97, 0x00, 0x00, 0x00,
  0xe7, 0x80, 0xc0, 0xaf, 0x93, 0x0b, 0x09, 0x00, 0x93, 0x09, 0x00, 0x00,
  0x6f, 0xf0, 0x9f, 0xf3, 0x23, 0x30, 0x81, 0x01, 0x13, 0x8c, 0x8b, 0x00,
  0x83, 0xb9, 0x0b, 0x00, 0x93, 0x05, 0x00, 0x03, 0x13, 0x85, 0x0a, 0x00,
  0x97, 0x00, 0x00, 0x00, 0xe7, 0x80, 0x00, 0xaa, 0x93, 0x05, 0x80, 0x07,
  0x13, 0x85, 0x0a, 0x00, 0x97, 0x00, 0x00, 0x00, 0xe7, 0x80, 0x00, 0xa9,
  0x13, 0x09, 0x00, 0x01, 0x97, 0x0b, 0x00, 0x00, 0x93, 0x8b, 0xcb, 0x6c,
  0x93, 0xd7, 0xc9, 0x03, 0xb3, 0x87, 0xfb, 0x00, 0x83, 0xc5, 0x07, 0x00,
  0x13, 0x85, 0x0a, 0x00, 0x97, 0x00, 0x00, 0x00, 0xe7, 0x80, 0xc0, 0xa6,
  0x93, 0x99, 0x49, 0x00, 0x1b, 0x09, 0xf9, 0xff, 0xe3, 0x10, 0x09, 0xfe,
  0x93, 0x0b, 0x0c, 0x00, 0x93, 0x09, 0x00, 0x00, 0x03, 0x3c, 0x01, 0x00,
  0x6f, 0xf0, 0xdf, 0xec, 0x93, 0x89, 0x8b, 0x00, 0x03, 0xb9, 0x0b, 0x00,
  0x63, 0x08, 0x09, 0x02, 0x83, 0x45, 0x09, 0x00, 0x63, 0x8c, 0x05, 0x08,
  0x13, 0x85, 0x0a, 0x00, 0x97, 0x00, 0x00, 0x00, 0xe7, 0x80, 0x00, 0xa3,
  0x13, 0x09, 0x19, 0x00, 0x83, 0x45, 0x09, 0x00, 0xe3, 0x96, 0x05, 0xfe,
  0x93, 0x8b, 0x09, 0x00, 0x93, 0x09, 0x00, 0x00, 0x6f, 0xf0, 0x5f, 0xe9,
  0x17, 0x09, 0x00, 0x00, 0x13, 0x09, 0x09, 0x49, 0x93, 0x05, 0x80, 0x02,
  0x6f, 0xf0, 0x1f, 0xfd, 0x13, 0x89, 0x8b, 0x00, 0x83, 0xc5, 0x0b, 0x00,
  0x13, 0x85, 0x0a, 0x00, 0x97, 0x00, 0x00, 0x00, 0xe7, 0x80, 0x40, 0x9f,
  0x93, 0x0b, 0x09, 0x00, 0x93, 0x09, 0x00, 0x00, 0x6f, 0xf0, 0x5f, 0xe6,
  0x93, 0x05, 0x50, 0x02, 0x13, 0x85, 0x0a, 0x00, 0x97, 0x00, 0x00, 0x00,
  0xe7, 0x80, 0x80, 0x9d, 0x93, 0x09, 0x00, 0x00, 0x6f, 0xf0, 0xdf, 0xe4,
  0x93, 0x05, 0x50, 0x02, 0x13, 0x85, 0x0a, 0x00, 0x97, 0x00, 0x00, 0x00,
  0xe7, 0x80, 0x00, 0x9c, 0x93, 0x05, 0x09, 0x00, 0x13, 0x85, 0x0a, 0x00,
  0x97, 0x00, 0x00, 0x00, 0xe7, 0x80, 0x00, 0x9b, 0x93, 0x09, 0x00, 0x00,
  0x6f, 0xf0, 0x5f, 0xe2, 0x93, 0x8b, 0x09, 0x00, 0x93, 0x09, 0x00, 0x00,
  0x6f, 0xf0, 0x9f, 0xe1, 0x83, 0x34, 0x81, 0x03, 0x83, 0x39, 0x81, 0x02,
  0x03, 0x3a, 0x01, 0x02, 0x83, 0x3a, 0x81, 0x01, 0x03, 0x3b, 0x01, 0x01,
  0x83, 0x3b, 0x81, 0x00, 0x83, 0x30, 0x81, 0x04, 0x03, 0x34, 0x01, 0x04,
  0x03, 0x39, 0x01, 0x03, 0x13, 0x01, 0x01, 0x05, 0x67, 0x80, 0x00, 0x00,
  0x13, 0x01, 0x01, 0xfa, 0x23, 0x3c, 0x11, 0x00, 0x23, 0x38, 0x81, 0x00,
  0x13, 0x04, 0x01, 0x02, 0x23, 0x34, 0xb4, 0x00, 0x23, 0x38, 0xc4, 0x00,
  0x23, 0x3c, 0xd4, 0x00, 0x23, 0x30, 0xe4, 0x02, 0x23, 0x34, 0xf4, 0x02,
  0x23, 0x38, 0x04, 0x03, 0x23, 0x3c, 0x14, 0x03, 0x13, 0x06, 0x84, 0x00,
  0x23, 0x34, 0xc4, 0xfe, 0x93, 0x05, 0x05, 0x00, 0x13, 0x05, 0x10, 0x00,
  0x97, 0x00, 0x00, 0x00, 0xe7, 0x80, 0x40, 0xd4, 0x83, 0x30, 0x81, 0x01,
  0x03, 0x34, 0x01, 0x01, 0x13, 0x01, 0x01, 0x06, 0x67, 0x80, 0x00, 0x00,
  0x13, 0x01, 0x01, 0xf8, 0x23, 0x3c, 0x11, 0x06, 0x23, 0x38, 0x81, 0x06,
  0x13, 0x04, 0x01, 0x08, 0x97, 0x00, 0x00, 0x00, 0xe7, 0x80, 0x00, 0x30,
  0x63, 0x4e, 0x05, 0x06, 0x23, 0x34, 0x91, 0x06, 0x93, 0x04, 0x05, 0x00,
  0x63, 0x00, 0x05, 0x0a, 0x97, 0x00, 0x00, 0x00, 0xe7, 0x80, 0x80, 0x2e,
  0x63, 0x42, 0x05, 0x0c, 0x63, 0x02, 0x05, 0x0e, 0x97, 0x00, 0x00, 0x00,
  0xe7, 0x80, 0x80, 0x2d, 0x63, 0x4e, 0x05, 0x1a, 0x23, 0x30, 0x21, 0x07,
  0x23, 0x3c, 0x31, 0x05, 0x13, 0x09, 0x04, 0xf8, 0x97, 0x09, 0x00, 0x00,
  0x93, 0x89, 0x49, 0x44, 0x63, 0x04, 0x05, 0x1c, 0x13, 0x05, 0x09, 0x00,
  0x97, 0x00, 0x00, 0x00, 0xe7, 0x80, 0x80, 0x2c, 0x93, 0x04, 0x05, 0x00,
  0x63, 0x4a, 0x05, 0x26, 0x97, 0x00, 0x00, 0x00, 0xe7, 0x80, 0x80, 0x2e,
  0x93, 0x05, 0x05, 0x00, 0x83, 0x26, 0x04, 0xf8, 0x13, 0x86, 0x04, 0x00,
  0x13, 0x85, 0x09, 0x00, 0x97, 0x00, 0x00, 0x00, 0xe7, 0x80, 0x40, 0xf2,
  0x6f, 0xf0, 0xdf, 0xfc, 0x97, 0x00, 0x00, 0x00, 0xe7, 0x80, 0x40, 0x2c,
  0x93, 0x05, 0x05, 0x00, 0x17, 0x05, 0x00, 0x00, 0x13, 0x05, 0x45, 0x30,
  0x97, 0x00, 0x00, 0x00, 0xe7, 0x80, 0x40, 0xf0, 0x13, 0x05, 0x00, 0x00,
  0x83, 0x30, 0x81, 0x07, 0x03, 0x34, 0x01, 0x07, 0x13, 0x01, 0x01, 0x08,
  0x67, 0x80, 0x00, 0x00, 0x23, 0x30, 0x21, 0x07, 0x23, 0x3c, 0x31, 0x05,
  0x17, 0x05, 0x00, 0x00, 0x13, 0x05, 0x85, 0x2f, 0x23, 0x30, 0xa4, 0xf8,
  0x23, 0x34, 0x04, 0xf8, 0x93, 0x05, 0x04, 0xf8, 0x97, 0x00, 0x00, 0x00,
  0xe7, 0x80, 0xc0, 0x26, 0x13, 0x05, 0x00, 0x00, 0x97, 0x00, 0x00, 0x00,
  0xe7, 0x80, 0x00, 0x23, 0x97, 0x00, 0x00, 0x00, 0xe7, 0x80, 0x40, 0x26,
  0x93, 0x05, 0x05, 0x00, 0x17, 0x05, 0x00, 0x00, 0x13, 0x05, 0x45, 0x2d,
  0x97, 0x00, 0x00, 0x00, 0xe7, 0x80, 0x40, 0xea, 0x83, 0x34, 0x81, 0x06,
  0x6f, 0xf0, 0xdf, 0xf9, 0x23, 0x30, 0x21, 0x07, 0x23, 0x3c, 0x31, 0x05,
  0x93, 0x09, 0x04, 0xf8, 0x93, 0x04, 0x80, 0x3e, 0x37, 0x39, 0x00, 0x00,
  0x13, 0x09, 0x89, 0xaf, 0x13, 0x85, 0x04, 0x00, 0x97, 0x00, 0x00, 0x00,
  0xe7, 0x80, 0x00, 0xaa, 0x23, 0xb0, 0xa9, 0x00, 0x9b, 0x84, 0x84, 0x3e,
  0x93, 0x89, 0x89, 0x00, 0xe3, 0x94, 0x24, 0xff, 0x03, 0x35, 0x04, 0xf8,
  0x97, 0x00, 0x00, 0x00, 0xe7, 0x80, 0x00, 0x8d, 0x03, 0x35, 0x04, 0xf9,
  0x97, 0x00, 0x00, 0x00, 0xe7, 0x80, 0x40, 0x8c, 0x03, 0x35, 0x04, 0xfa,
  0x97, 0x00, 0x00, 0x00, 0xe7, 0x80, 0x80, 0x8b, 0x03, 0x35, 0x04, 0xfb,
  0x97, 0x00, 0x00, 0x00, 0xe7, 0x80, 0xc0, 0x8a, 0x03, 0x35, 0x04, 0xfc,
  0x97, 0x00, 0x00, 0x00, 0xe7, 0x80, 0x00, 0x8a, 0x03, 0x35, 0x84, 0xfc,
  0x97, 0x00, 0x00, 0x00, 0xe7, 0x80, 0x40, 0x89, 0x03, 0x35, 0x84, 0xfb,
  0x97, 0x00, 0x00, 0x00, 0xe7, 0x80, 0x80, 0x88, 0x03, 0x35, 0x84, 0xfa,
  0x97, 0x00, 0x00, 0x00, 0xe7, 0x80, 0xc0, 0x87, 0x03, 0x35, 0x84, 0xf9,
  0x97, 0x00, 0x00, 0x00, 0xe7, 0x80, 0x00, 0x87, 0x03, 0x35, 0x84, 0xf8,
  0x97, 0x00, 0x00, 0x00, 0xe7, 0x80, 0x40, 0x86, 0x97, 0x00, 0x00, 0x00,
  0xe7, 0x80, 0x40, 0x19, 0x93, 0x04, 0x05, 0x00, 0x97, 0x00, 0x00, 0x00,
  0xe7, 0x80, 0xc0, 0x1a, 0x13, 0x06, 0x05, 0x00, 0x93, 0x85, 0x04, 0x00,
  0x17, 0x05, 0x00, 0x00, 0x13, 0x05, 0x45, 0x21, 0x97, 0x00, 0x00, 0x00,
  0xe7, 0x80, 0x40, 0xdc, 0x13, 0x05, 0x00, 0x00, 0x97, 0x00, 0x00, 0x00,
  0xe7, 0x80, 0x80, 0x12, 0x97, 0x00, 0x00, 0x00, 0xe7, 0x80, 0xc0, 0x15,
  0x93, 0x05, 0x05, 0x00, 0x17, 0x05, 0x00, 0x00, 0x13, 0x05, 0xc5, 0x1c,
  0x97, 0x00, 0x00, 0x00, 0xe7, 0x80, 0xc0, 0xd9, 0x83, 0x34, 0x81, 0x06,
  0x6f, 0xf0, 0x5f, 0xe9, 0x13, 0x05, 0xa0, 0x00, 0x97, 0x00, 0x00, 0x00,
  0xe7, 0x80, 0xc0, 0x14, 0x97, 0x00, 0x00, 0x00, 0xe7, 0x80, 0xc0, 0x12,
  0x13, 0x09, 0x05, 0x00, 0x97, 0x00, 0x00, 0x00, 0xe7, 0x80, 0x40, 0x14,
  0x13, 0x06, 0x05, 0x00, 0x93, 0x05, 0x09, 0x00, 0x17, 0x05, 0x00, 0x00,
  0x13, 0x05, 0x45, 0x1d, 0x97, 0x00, 0x00, 0x00, 0xe7, 0x80, 0xc0, 0xd5,
  0x13, 0x05, 0x40, 0x01, 0x97, 0x00, 0x00, 0x00, 0xe7, 0x80, 0x40, 0x11,
  0x97, 0x00, 0x00, 0x00, 0xe7, 0x80, 0x40, 0x0f, 0x13, 0x09, 0x05, 0x00,
  0x97, 0x00, 0x00, 0x00, 0xe7, 0x80, 0xc0, 0x10, 0x13, 0x06, 0x05, 0x00,
  0x93, 0x05, 0x09, 0x00, 0x17, 0x05, 0x00, 0x00, 0x13, 0x05, 0x45, 0x1c,
  0x97, 0x00, 0x00, 0x00, 0xe7, 0x80, 0x40, 0xd2, 0x13, 0x05, 0xe0, 0x01,
  0x97, 0x00, 0x00, 0x00, 0xe7, 0x80, 0xc0, 0x0d, 0x97, 0x00, 0x00, 0x00,
  0xe7, 0x80, 0xc0, 0x0b, 0x13, 0x09, 0x05, 0x00, 0x97, 0x00, 0x00, 0x00,
  0xe7, 0x80, 0x40, 0x0d, 0x13, 0x06, 0x05, 0x00, 0x93, 0x05, 0x09, 0x00,
  0x17, 0x05, 0x00, 0x00, 0x13, 0x05, 0x45, 0x1b, 0x97, 0x00, 0x00, 0x00,
  0xe7, 0x80, 0xc0, 0xce, 0x13, 0x85, 0x04, 0x00, 0x97, 0x00, 0x00, 0x00,
  0xe7, 0x80, 0x40, 0x07, 0x13, 0x05, 0x00, 0x00, 0x97, 0x00, 0x00, 0x00,
  0xe7, 0x80, 0x40, 0x04, 0x97, 0x00, 0x00, 0x00, 0xe7, 0x80, 0x80, 0x07,
  0x93, 0x04, 0x05, 0x00, 0x97, 0x00, 0x00, 0x00, 0xe7, 0x80, 0x00, 0x09,
  0x13, 0x06, 0x05, 0x00, 0x93, 0x85, 0x04, 0x00, 0x17, 0x05, 0x00, 0x00,
  0x13, 0x05, 0x85, 0x1c, 0x97, 0x00, 0x00, 0x00, 0xe7, 0x80, 0x80, 0xca,
  0x6f, 0x00, 0x00, 0x00, 0x93, 0x08, 0x10, 0x00, 0x73, 0x00, 0x00, 0x00,
  0x67, 0x80, 0x00, 0x00, 0x93, 0x08, 0x20, 0x00, 0x73, 0x00, 0x00, 0x00,
  0x67, 0x80, 0x00, 0x00, 0x93, 0x08, 0x30, 0x00, 0x73, 0x00, 0x00, 0x00,
  0x67, 0x80, 0x00, 0x00, 0x93, 0x08, 0x00, 0x01, 0x73, 0x00, 0x00, 0x00,
  0x67, 0x80, 0x00, 0x00, 0x93, 0x08, 0x60, 0x00, 0x73, 0x00, 0x00, 0x00,
  0x67, 0x80, 0x00, 0x00, 0x93, 0x08, 0x70, 0x00, 0x73, 0x00, 0x00, 0x00,
  0x67, 0x80, 0x00, 0x00, 0x93, 0x08, 0xb0, 0x00, 0x73, 0x00, 0x00, 0x00,
  0x67, 0x80, 0x00, 0x00, 0x93, 0x08, 0xc0, 0x00, 0x73, 0x00, 0x00, 0x00,
  0x67, 0x80, 0x00, 0x00, 0x93, 0x08, 0xd0, 0x00, 0x73, 0x00, 0x00, 0x00,
  0x67, 0x80, 0x00, 0x00, 0x93, 0x08, 0xe0, 0x00, 0x73, 0x00, 0x00, 0x00,
  0x67, 0x80, 0x00, 0x00, 0x00, 0x00, 0x00, 0x00, 0x00, 0x00, 0x00, 0x00,
  0x00, 0x00, 0x00, 0x00, 0x28, 0x6e, 0x75, 0x6c, 0x6c, 0x29, 0x00, 0x00,
  0x00, 0x00, 0x00, 0x00, 0x00, 0x00, 0x00, 0x00, 0x5b, 0x70, 0x69, 0x64,
  0x3a, 0x20, 0x25, 0x64, 0x5d, 0x20, 0x31, 0x73, 0x74, 0x20, 0x66, 0x6f,
  0x72, 0x6b, 0x28, 0x29, 0x20, 0x66, 0x61, 0x69, 0x6c, 0x65, 0x64, 0x00,
  0x00, 0x00, 0x00, 0x00, 0x65, 0x78, 0x65, 0x63, 0x63, 0x68, 0x69, 0x6c,
  0x64, 0x31, 0x00, 0x00, 0x00, 0x00, 0x00, 0x00, 0x5b, 0x70, 0x69, 0x64,
  0x3a, 0x20, 0x25, 0x64, 0x5d, 0x20, 0x32, 0x6e, 0x64, 0x20, 0x66, 0x6f,
  0x72, 0x6b, 0x28, 0x29, 0x20, 0x66, 0x61, 0x69, 0x6c, 0x65, 0x64, 0x00,
  0x00, 0x00, 0x00, 0x00, 0x5b, 0x70, 0x69, 0x64, 0x3a, 0x20, 0x25, 0x64,
  0x5d, 0x20, 0x73, 0x62, 0x72, 0x6b, 0x20, 0x74, 0x65, 0x73, 0x74, 0x20,
  0x6f, 0x76, 0x65, 0x72, 0x21, 0x20, 0x75, 0x70, 0x74, 0x69, 0x6d, 0x65,
  0x3a, 0x20, 0x25, 0x64, 0x0a, 0x00, 0x00, 0x00, 0x5b, 0x70, 0x69, 0x64,
  0x3a, 0x20, 0x25, 0x64, 0x5d, 0x20, 0x73, 0x6c, 0x65, 0x65, 0x70, 0x20,
  0x74, 0x65, 0x73, 0x74, 0x20, 0x2d, 0x20, 0x31, 0x73, 0x2e, 0x20, 0x75,
  0x70, 0x74, 0x69, 0x6d, 0x65, 0x3a, 0x20, 0x25, 0x64, 0x0a, 0x00, 0x00,
  0x5b, 0x70, 0x69, 0x64, 0x3a, 0x20, 0x25, 0x64, 0x5d, 0x20, 0x73, 0x6c,
  0x65, 0x65, 0x70, 0x20, 0x74, 0x65, 0x73, 0x74, 0x20, 0x2d, 0x20, 0x32,
  0x73, 0x2e, 0x20, 0x75, 0x70, 0x74, 0x69, 0x6d, 0x65, 0x3a, 0x20, 0x25,
  0x64, 0x0a, 0x00, 0x00, 0x5b, 0x70, 0x69, 0x64, 0x3a, 0x20, 0x25, 0x64,
  0x5d, 0x20, 0x73, 0x6c, 0x65, 0x65, 0x70, 0x20, 0x74, 0x65, 0x73, 0x74,
  0x20, 0x2d, 0x20, 0x33, 0x73, 0x2e, 0x20, 0x75, 0x70, 0x74, 0x69, 0x6d,
  0x65, 0x3a, 0x20, 0x25, 0x64, 0x0a, 0x00, 0x00, 0x5b, 0x70, 0x69, 0x64,
  0x3a, 0x20, 0x25, 0x64, 0x5d, 0x20, 0x77, 0x61, 0x69, 0x74, 0x20, 0x2d,
  0x20, 0x70, 0x69, 0x64, 0x3a, 0x20, 0x25, 0x64, 0x20, 0x2d, 0x20, 0x65,
  0x78, 0x69, 0x74, 0x20, 0x63, 0x6f, 0x64, 0x65, 0x3a, 0x20, 0x25, 0x64,
  0x0a, 0x00, 0x00, 0x00, 0x00, 0x00, 0x00, 0x00, 0x5b, 0x70, 0x69, 0x64,
  0x3a, 0x20, 0x25, 0x64, 0x5d, 0x20, 0x75, 0x70, 0x74, 0x69, 0x6d, 0x65,
  0x3a, 0x20, 0x25, 0x64, 0x2c, 0x20, 0x69, 0x6e, 0x69, 0x74, 0x20, 0x70,
  0x72, 0x6f, 0x63, 0x65, 0x73, 0x73, 0x20, 0x68, 0x61, 0x73, 0x20, 0x6e,
  0x6f, 0x20, 0x63, 0x68, 0x69, 0x6c, 0x64, 0x20, 0x6e, 0x6f, 0x77, 0x2c,
  0x20, 0x6f, 0x76, 0x65, 0x72, 0x21, 0x0a, 0x00, 0x00, 0x00, 0x00, 0x00,
  0x10, 0xfa, 0xff, 0xff, 0xe4, 0xf8, 0xff, 0xff, 0x48, 0xfa, 0xff, 0xff,
  0x48, 0xfa, 0xff, 0xff, 0x48, 0xfa, 0xff, 0xff, 0x48, 0xfa, 0xff, 0xff,
  0x48, 0xfa, 0xff, 0xff, 0x48, 0xfa, 0xff, 0xff, 0x48, 0xfa, 0xff, 0xff,
  0x0c, 0xf9, 0xff, 0xff, 0x48, 0xfa, 0xff, 0xff, 0x48, 0xfa, 0xff, 0xff,
  0x48, 0xfa, 0xff, 0xff, 0x5c, 0xf9, 0xff, 0xff, 0x48, 0xfa, 0xff, 0xff,
  0x48, 0xfa, 0xff, 0xff, 0xc8, 0xf9, 0xff, 0xff, 0x48, 0xfa, 0xff, 0xff,
  0x48, 0xfa, 0xff, 0xff, 0x48, 0xfa, 0xff, 0xff, 0x48, 0xfa, 0xff, 0xff,
  0x34, 0xf9, 0xff, 0xff, 0x30, 0x31, 0x32, 0x33, 0x34, 0x35, 0x36, 0x37,
  0x38, 0x39, 0x41, 0x42, 0x43, 0x44, 0x45, 0x46, 0x00, 0x00, 0x00, 0x00,
  0x00, 0x00, 0x00, 0x00, 0x00, 0x00, 0x00, 0x00, 0x00, 0x00, 0x00, 0x00,
  0x00, 0x00, 0x00, 0x00, 0x00, 0x00, 0x00, 0x00, 0x00, 0x00, 0x00, 0x00,
  0x00, 0x00, 0x00, 0x00, 0x00, 0x00, 0x00, 0x00, 0x00, 0x00, 0x00, 0x00,
  0x00, 0x00, 0x00, 0x00, 0x00, 0x00, 0x00, 0x00, 0x00, 0x00, 0x00, 0x00,
  0x00, 0x00, 0x00, 0x00, 0x00, 0x00, 0x00, 0x00, 0x00, 0x00, 0x00, 0x00,
  0x00, 0x00, 0x00, 0x00, 0x00, 0x00, 0x00, 0x00, 0x00, 0x00, 0x00, 0x00,
  0x00, 0x00, 0x00, 0x00, 0x00, 0x00, 0x00, 0x00, 0x00, 0x00, 0x00, 0x00,
  0x00, 0x00, 0x00, 0x00, 0x00, 0x00, 0x00, 0x00, 0x00, 0x00, 0x00, 0x00,
  0x00, 0x00, 0x00, 0x00, 0x00, 0x00, 0x00, 0x00, 0x00, 0x00, 0x00, 0x00,
  0x00, 0x00, 0x00, 0x00, 0x00, 0x00, 0x00, 0x00, 0x00, 0x00, 0x00, 0x00,
  0x00, 0x00, 0x00, 0x00, 0x00, 0x00, 0x00, 0x00, 0x00, 0x00, 0x00, 0x00,
  0x00, 0x00, 0x00, 0x00, 0x00, 0x00, 0x00, 0x00, 0x00, 0x00, 0x00, 0x00,
  0x00, 0x00, 0x00, 0x00, 0x00, 0x00, 0x00, 0x00, 0x00, 0x00, 0x00, 0x00,
  0x00, 0x00, 0x00, 0x00, 0x00, 0x00, 0x00, 0x00, 0x00, 0x00, 0x00, 0x00,
  0x00, 0x00, 0x00, 0x00, 0x00, 0x00, 0x00, 0x00, 0x00, 0x00, 0x00, 0x00,
  0x00, 0x00, 0x00, 0x00, 0x00, 0x00, 0x00, 0x00, 0x00, 0x00, 0x00, 0x00,
  0x00, 0x00, 0x00, 0x00, 0x00, 0x00, 0x00, 0x00, 0x00, 0x00, 0x00, 0x00,
  0x00, 0x00, 0x00, 0x00, 0x00, 0x00, 0x00, 0x00, 0x00, 0x00, 0x00, 0x00,
  0x00, 0x00, 0x00, 0x00, 0x00, 0x00, 0x00, 0x00, 0x00, 0x00, 0x00, 0x00,
  0x00, 0x00, 0x00, 0x00, 0x00, 0x00, 0x00, 0x00, 0x00, 0x00, 0x00, 0x00,
  0x00, 0x00, 0x00, 0x00, 0x00, 0x00, 0x00, 0x00, 0x00, 0x00, 0x00, 0x00,
  0x00, 0x00, 0x00, 0x00, 0x00, 0x00, 0x00, 0x00, 0x00, 0x00, 0x00, 0x00,
  0x00, 0x00, 0x00, 0x00, 0x00, 0x00, 0x00, 0x00, 0x00, 0x00, 0x00, 0x00,
  0x00, 0x00, 0x00, 0x00, 0x00, 0x00, 0x00, 0x00, 0x00, 0x00, 0x00, 0x00,
  0x00, 0x00, 0x00, 0x00, 0x00, 0x00, 0x00, 0x00, 0x00, 0x00, 0x00, 0x00,
  0x00, 0x00, 0x00, 0x00, 0x00, 0x00, 0x00, 0x00, 0x00, 0x00, 0x00, 0x00,
  0x00, 0x00, 0x00, 0x00, 0x00, 0x00, 0x00, 0x00, 0x00, 0x00, 0x00, 0x00,
  0x00, 0x00, 0x00, 0x00, 0x00, 0x00, 0x00, 0x00, 0x00, 0x00, 0x00, 0x00,
  0x00, 0x00, 0x00, 0x00, 0x00, 0x00, 0x00, 0x00, 0x00, 0x00, 0x00, 0x00,
  0x00, 0x00, 0x00, 0x00, 0x00, 0x00, 0x00, 0x00, 0x00, 0x00, 0x00, 0x00,
  0x00, 0x00, 0x00, 0x00, 0x00, 0x00, 0x00, 0x00, 0x00, 0x00, 0x00, 0x00,
  0x00, 0x00, 0x00, 0x00, 0x00, 0x00, 0x00, 0x00, 0x00, 0x00, 0x00, 0x00,
  0x00, 0x00, 0x00, 0x00, 0x00, 0x00, 0x00, 0x00, 0x00, 0x00, 0x00, 0x00,
  0x00, 0x00, 0x00, 0x00, 0x00, 0x00, 0x00, 0x00, 0x00, 0x00, 0x00, 0x00,
  0x00, 0x00, 0x00, 0x00, 0x00, 0x00, 0x00, 0x00, 0x00, 0x00, 0x00, 0x00,
  0x00, 0x00, 0x00, 0x00, 0x00, 0x00, 0x00, 0x00, 0x00, 0x00, 0x00, 0x00,
  0x00, 0x00, 0x00, 0x00, 0x00, 0x00, 0x00, 0x00, 0x00, 0x00, 0x00, 0x00,
  0x00, 0x00, 0x00, 0x00, 0x00, 0x00, 0x00, 0x00, 0x00, 0x00, 0x00, 0x00,
  0x00, 0x00, 0x00, 0x00, 0x00, 0x00, 0x00, 0x00, 0x00, 0x00, 0x00, 0x00,
  0x00, 0x00, 0x00, 0x00, 0x00, 0x00, 0x00, 0x00, 0x00, 0x00, 0x00, 0x00,
  0x00, 0x00, 0x00, 0x00, 0x00, 0x00, 0x00, 0x00, 0x00, 0x00, 0x00, 0x00,
  0x00, 0x00, 0x00, 0x00, 0x00, 0x00, 0x00, 0x00, 0x00, 0x00, 0x00, 0x00,
  0x00, 0x00, 0x00, 0x00, 0x00, 0x00, 0x00, 0x00, 0x00, 0x00, 0x00, 0x00,
  0x00, 0x00, 0x00, 0x00, 0x00, 0x00, 0x00, 0x00, 0x00, 0x00, 0x00, 0x00,
  0x00, 0x00, 0x00, 0x00, 0x00, 0x00, 0x00, 0x00, 0x00, 0x00, 0x00, 0x00,
  0x00, 0x00, 0x00, 0x00, 0x00, 0x00, 0x00, 0x00, 0x00, 0x00, 0x00, 0x00,
  0x00, 0x00, 0x00, 0x00, 0x00, 0x00, 0x00, 0x00, 0x00, 0x00, 0x00, 0x00,
  0x00, 0x00, 0x00, 0x00, 0x00, 0x00, 0x00, 0x00, 0x00, 0x00, 0x00, 0x00,
  0x00, 0x00, 0x00, 0x00, 0x00, 0x00, 0x00, 0x00, 0x00, 0x00, 0x00, 0x00,
  0x00, 0x00, 0x00, 0x00, 0x00, 0x00, 0x00, 0x00, 0x00, 0x00, 0x00, 0x00,
  0x00, 0x00, 0x00, 0x00, 0x00, 0x00, 0x00, 0x00, 0x00, 0x00, 0x00, 0x00,
  0x00, 0x00, 0x00, 0x00, 0x00, 0x00, 0x00, 0x00, 0x00, 0x00, 0x00, 0x00,
  0x00, 0x00, 0x00, 0x00, 0x00, 0x00, 0x00, 0x00, 0x00, 0x00, 0x00, 0x00,
  0x00, 0x00, 0x00, 0x00, 0x00, 0x00, 0x00, 0x00, 0x00, 0x00, 0x00, 0x00,
  0x00, 0x00, 0x00, 0x00, 0x00, 0x00, 0x00, 0x00, 0x00, 0x00, 0x00, 0x00,
  0x00, 0x00, 0x00, 0x00, 0x00, 0x00, 0x00, 0x00, 0x00, 0x00, 0x00, 0x00,
  0x00, 0x00, 0x00, 0x00, 0x00, 0x00, 0x00, 0x00, 0x00, 0x00, 0x00, 0x00,
  0x00, 0x00, 0x00, 0x00, 0x00, 0x00, 0x00, 0x00, 0x00, 0x00, 0x00, 0x00,
  0x00, 0x00, 0x00, 0x00, 0x00, 0x00, 0x00, 0x00, 0x00, 0x00, 0x00, 0x00,
  0x00, 0x00, 0x00, 0x00, 0x00, 0x00, 0x00, 0x00, 0x00, 0x00, 0x00, 0x00,
  0x00, 0x00, 0x00, 0x00, 0x00, 0x00, 0x00, 0x00, 0x00, 0x00, 0x00, 0x00,
  0x00, 0x00, 0x00, 0x00, 0x00, 0x00, 0x00, 0x00, 0x00, 0x00, 0x00, 0x00,
  0x00, 0x00, 0x00, 0x00, 0x00, 0x00, 0x00, 0x00, 0x00, 0x00, 0x00, 0x00,
  0x00, 0x00, 0x00, 0x00, 0x00, 0x00, 0x00, 0x00, 0x00, 0x00, 0x00, 0x00,
  0x00, 0x00, 0x00, 0x00, 0x00, 0x00, 0x00, 0x00, 0x00, 0x00, 0x00, 0x00,
  0x00, 0x00, 0x00, 0x00, 0x00, 0x00, 0x00, 0x00, 0x00, 0x00, 0x00, 0x00,
  0x00, 0x00, 0x00, 0x00, 0x00, 0x00, 0x00, 0x00, 0x00, 0x00, 0x00, 0x00,
  0x00, 0x00, 0x00, 0x00, 0x00, 0x00, 0x00, 0x00, 0x00, 0x00, 0x00, 0x00,
  0x00, 0x00, 0x00, 0x00, 0x00, 0x00, 0x00, 0x00, 0x00, 0x00, 0x00, 0x00,
  0x00, 0x00, 0x00, 0x00, 0x00, 0x00, 0x00, 0x00, 0x00, 0x00, 0x00, 0x00,
  0x00, 0x00, 0x00, 0x00, 0x00, 0x00, 0x00, 0x00, 0x00, 0x00, 0x00, 0x00,
  0x00, 0x00, 0x00, 0x00, 0x00, 0x00, 0x00, 0x00, 0x00, 0x00, 0x00, 0x00,
  0x00, 0x00, 0x00, 0x00, 0x00, 0x00, 0x00, 0x00, 0x00, 0x00, 0x00, 0x00,
  0x00, 0x00, 0x00, 0x00, 0x00, 0x00, 0x00, 0x00, 0x00, 0x00, 0x00, 0x00,
  0x00, 0x00, 0x00, 0x00, 0x00, 0x00, 0x00, 0x00, 0x00, 0x00, 0x00, 0x00,
  0x00, 0x00, 0x00, 0x00, 0x00, 0x00, 0x00, 0x00, 0x00, 0x00, 0x00, 0x00,
  0x00, 0x00, 0x00, 0x00, 0x00, 0x00, 0x00, 0x00, 0x00, 0x00, 0x00, 0x00,
  0x00, 0x00, 0x00, 0x00, 0x00, 0x00, 0x00, 0x00, 0x10, 0x00, 0x00, 0x00,
  0x00, 0x00, 0x00, 0x00, 0x03, 0x7a, 0x52, 0x00, 0x01, 0x7c, 0x01, 0x01,
  0x1b, 0x0c, 0x02, 0x00, 0x24, 0x00, 0x00, 0x00, 0x18, 0x00, 0x00, 0x00,
  0xe4, 0xef, 0xff, 0xff, 0x34, 0x00, 0x00, 0x00, 0x00, 0x44, 0x0e, 0x20,
  0x48, 0x81, 0x02, 0x88, 0x04, 0x44, 0x0c, 0x08, 0x00, 0x58, 0xc1, 0x44,
  0xc8, 0x0c, 0x02, 0x20, 0x44, 0x0e, 0x00, 0x00, 0x34, 0x00, 0x00, 0x00,
  0x40, 0x00, 0x00, 0x00, 0xf0, 0xef, 0xff, 0xff, 0xd8, 0x00, 0x00, 0x00,
  0x00, 0x44, 0x0e, 0x40, 0x54, 0x81, 0x02, 0x88, 0x04, 0x89, 0x06, 0x92,
  0x08, 0x93, 0x0a, 0x44, 0x0c, 0x08, 0x00, 0x02, 0x98, 0x0a, 0xc1, 0x44,
  0xc8, 0x0c, 0x02, 0x40, 0x44, 0xc9, 0x44, 0xd2, 0x44, 0xd3, 0x44, 0x0e,
  0x00, 0x44, 0x0b, 0x00, 0x28, 0x00, 0x00, 0x00, 0x78, 0x00, 0x00, 0x00,
  0x90, 0xf0, 0xff, 0xff, 0x08, 0x01, 0x00, 0x00, 0x00, 0x44, 0x0e, 0x20,
  0x4c, 0x81, 0x02, 0x88, 0x04, 0x89, 0x06, 0x44, 0x0c, 0x08, 0x00, 0x02,
  0xe4, 0xc1, 0x44, 0xc8, 0x0c, 0x02, 0x20, 0x44, 0xc9, 0x44, 0x0e, 0x00,
  0x2c, 0x00, 0x00, 0x00, 0xa4, 0x00, 0x00, 0x00, 0x6c, 0xf1, 0xff, 0xff,
  0xac, 0x00, 0x00, 0x00, 0x00, 0x44, 0x0e, 0x20, 0x4c, 0x81, 0x02, 0x88,
  0x04, 0x89, 0x06, 0x44, 0x0c, 0x08, 0x00, 0x02, 0x50, 0x0a, 0xc1, 0x44,
  0xc8, 0x0c, 0x02, 0x20, 0x44, 0xc9, 0x44, 0x0e, 0x00, 0x44, 0x0b, 0x00,
  0x80, 0x00, 0x00, 0x00, 0xd4, 0x00, 0x00, 0x00, 0xe8, 0xf1, 0xff, 0xff,
  0x58, 0x01, 0x00, 0x00, 0x00, 0x44, 0x0e, 0x50, 0x50, 0x81, 0x02, 0x88,
  0x04, 0x89, 0x06, 0x93, 0x0a, 0x44, 0x0c, 0x08, 0x00, 0x02, 0x44, 0x92,
  0x08, 0x94, 0x0c, 0x95, 0x0e, 0x96, 0x10, 0x97, 0x12, 0x5c, 0xd2, 0xd4,
  0xd5, 0xd6, 0xd7, 0x6c, 0x0a, 0x92, 0x08, 0x94, 0x0c, 0x95, 0x0e, 0x96,
  0x10, 0x97, 0x12, 0x44, 0x0b, 0x4c, 0x92, 0x08, 0x94, 0x0c, 0x95, 0x0e,
  0x96, 0x10, 0x97, 0x12, 0x7c, 0xd2, 0x44, 0xd4, 0x44, 0xd5, 0x44, 0xd6,
  0x44, 0xd7, 0x6c, 0xc1, 0x44, 0xc8, 0x0c, 0x02, 0x50, 0x44, 0xc9, 0x44,
  0xd3, 0x44, 0x0e, 0x00, 0x44, 0x0d, 0x08, 0x81, 0x02, 0x88, 0x04, 0x89,
  0x06, 0x92, 0x08, 0x93, 0x0a, 0x94, 0x0c, 0x95, 0x0e, 0x96, 0x10, 0x97,
  0x12, 0x44, 0xd2, 0x44, 0xd4, 0x44, 0xd5, 0x44, 0xd6, 0x44, 0xd7, 0x00,
  0x4c, 0x00, 0x00, 0x00, 0x58, 0x01, 0x00, 0x00, 0xbc, 0xf2, 0xff, 0xff,
  0x80, 0x02, 0x00, 0x00, 0x00, 0x44, 0x0e, 0x50, 0x4c, 0x81, 0x02, 0x88,
  0x04, 0x92, 0x08, 0x44, 0x0c, 0x08, 0x00, 0x60, 0x89, 0x06, 0x93, 0x0a,
  0x94, 0x0c, 0x95, 0x0e, 0x96, 0x10, 0x97, 0x12, 0x03, 0x04, 0x01, 0x98,
  0x14, 0x02, 0x64, 0xd8, 0x02, 0xbc, 0xc9, 0x44, 0xd3, 0x44, 0xd4, 0x44,
  0xd5, 0x44, 0xd6, 0x44, 0xd7, 0x44, 0xc1, 0x44, 0xc8, 0x0c, 0x02, 0x50,
  0x44, 0xd2, 0x44, 0x0e, 0x00, 0x00, 0x00, 0x00, 0x24, 0x00, 0x00, 0x00,
  0xa8, 0x01, 0x00, 0x00, 0xec, 0xf4, 0xff, 0xff, 0x54, 0x00, 0x00, 0x00,
  0x00, 0x44, 0x0e, 0x60, 0x48, 0x81, 0x12, 0x88, 0x14, 0x44, 0x0c, 0x08,
  0x40, 0x78, 0xc1, 0x44, 0xc8, 0x0c, 0x02, 0x60, 0x44, 0x0e, 0x00, 0x00,
  0x5c, 0x00, 0x00, 0x00, 0xd0, 0x01, 0x00, 0x00, 0x18, 0xf5, 0xff, 0xff,
  0x10, 0x03, 0x00, 0x00, 0x00, 0x44, 0x0e, 0x80, 0x01, 0x48, 0x81, 0x02,
  0x88, 0x04, 0x44, 0x0c, 0x08, 0x00, 0x50, 0x89, 0x06, 0x6c, 0x92, 0x08,
  0x93, 0x0a, 0x02, 0x48, 0xc9, 0xd2, 0xd3, 0x64, 0xc1, 0x44, 0xc8, 0x0c,
  0x02, 0x80, 0x01, 0x44, 0x0e, 0x00, 0x44, 0x0d, 0x08, 0x81, 0x02, 0x88,
  0x04, 0x89, 0x06, 0x5c, 0x0a, 0x92, 0x08, 0x93, 0x0a, 0x54, 0x0b, 0x60,
  0x0a, 0xc9, 0x44, 0x0b, 0x48, 0x92, 0x08, 0x93, 0x0a, 0x02, 0xdc, 0xd2,
  0xd3, 0x60, 0xc9, 0x44, 0x89, 0x06, 0x92, 0x08, 0x93, 0x0a, 0x00, 0x00,
  0x00, 0x00, 0x00, 0x00, 0x32, 0x0c, 0x00, 0x00, 0x02, 0x00, 0x00, 0x00,
  0x00, 0x00, 0x08, 0x01, 0x40, 0x00, 0x00, 0x00, 0x0c, 0x9d, 0x01, 0x00,
  0x00, 0xd4, 0x01, 0x00, 0x00, 0x00, 0x00, 0x00, 0x00, 0x00, 0x00, 0x00,
  0x00, 0xfc, 0x09, 0x00, 0x00, 0x00, 0x00, 0x00, 0x00, 0x00, 0x00, 0x00,
  0x00, 0x02, 0xa8, 0x01, 0x00, 0x00, 0x02, 0x01, 0x18, 0x39, 0x00, 0x00,
  0x00, 0x03, 0x04, 0x07, 0x58, 0x01, 0x00, 0x00, 0x03, 0x02, 0x07, 0x65,
  0x01, 0x00, 0x00, 0x03, 0x01, 0x08, 0x45, 0x01, 0x00, 0x00, 0x02, 0x26,
  0x00, 0x00, 0x00, 0x02, 0x08, 0x17, 0x5a, 0x00, 0x00, 0x00, 0x03, 0x08,
  0x07, 0x53, 0x01, 0x00, 0x00, 0x02, 0x2f, 0x01, 0x00, 0x00, 0x03, 0x28,
  0x1b, 0x6d, 0x00, 0x00, 0x00, 0x04, 0x08, 0x14, 0x00, 0x00, 0x00, 0x02,
  0x36, 0x01, 0x00, 0x00, 0x03, 0x63, 0x18, 0x61, 0x00, 0x00, 0x00, 0x02,
  0x29, 0x01, 0x00, 0x00, 0x01, 0x13, 0x0e, 0x8b, 0x00, 0x00, 0x00, 0x03,
  0x08, 0x05, 0x1d, 0x02, 0x00, 0x00, 0x05, 0x10, 0x01, 0x17, 0x05, 0xba,
  0x00, 0x00, 0x00, 0x06, 0x70, 0x74, 0x72, 0x00, 0x01, 0x19, 0x17, 0xdc,
  0x00, 0x00, 0x00, 0x02, 0x23, 0x00, 0x07, 0x31, 0x02, 0x00, 0x00, 0x01,
  0x1a, 0x0e, 0x2d, 0x00, 0x00, 0x00, 0x02, 0x23, 0x08, 0x00, 0x08, 0x07,
  0x00, 0x00, 0x00, 0x10, 0x01, 0x15, 0x07, 0xdc, 0x00, 0x00, 0x00, 0x09,
  0x73, 0x00, 0x01, 0x1b, 0x07, 0x92, 0x00, 0x00, 0x00, 0x09, 0x78, 0x00,
  0x01, 0x1c, 0x0b, 0x7f, 0x00, 0x00, 0x00, 0x00, 0x0a, 0x08, 0xba, 0x00,
  0x00, 0x00, 0x02, 0x36, 0x02, 0x00, 0x00, 0x01, 0x1f, 0x16, 0xba, 0x00,
  0x00, 0x00, 0x0b, 0xb9, 0x01, 0x00, 0x00, 0x01, 0x21, 0x0f, 0xe2, 0x00,
  0x00, 0x00, 0x09, 0x03, 0x40, 0x12, 0x00, 0x00, 0x00, 0x00, 0x00, 0x00,
  0x0b, 0x2d, 0x00, 0x00, 0x00, 0x01, 0x22, 0x10, 0x1a, 0x01, 0x00, 0x00,
  0x09, 0x03, 0x38, 0x12, 0x00, 0x00, 0x00, 0x00, 0x00, 0x00, 0x0a, 0x08,
  0xe2, 0x00, 0x00, 0x00, 0x0c, 0x90, 0x01, 0x00, 0x00, 0x01, 0x24, 0x08,
  0x4e, 0x00, 0x00, 0x00, 0x01, 0x09, 0x03, 0x30, 0x12, 0x00, 0x00, 0x00,
  0x00, 0x00, 0x00, 0x0d, 0x47, 0x01, 0x00, 0x00, 0x47, 0x01, 0x00, 0x00,
  0x0e, 0x5a, 0x00, 0x00, 0x00, 0x10, 0x00, 0x03, 0x01, 0x08, 0x4e, 0x01,
  0x00, 0x00, 0x0f, 0x47, 0x01, 0x00, 0x00, 0x0b, 0x0c, 0x02, 0x00, 0x00,
  0x01, 0x87, 0x0d, 0x37, 0x01, 0x00, 0x00, 0x09, 0x03, 0x48, 0x0c, 0x00,
  0x00, 0x00, 0x00, 0x00, 0x00, 0x10, 0x01, 0xad, 0x01, 0x00, 0x00, 0x01,
  0x06, 0x0c, 0x01, 0x82, 0x01, 0x00, 0x00, 0x01, 0x82, 0x01, 0x00, 0x00,
  0x11, 0x89, 0x01, 0x00, 0x00, 0x00, 0x12, 0x04, 0x05, 0x69, 0x6e, 0x74,
  0x00, 0x0a, 0x08, 0x82, 0x01, 0x00, 0x00, 0x10, 0x01, 0x7e, 0x01, 0x00,
  0x00, 0x01, 0x08, 0x0c, 0x01, 0x82, 0x01, 0x00, 0x00, 0x01, 0xa8, 0x01,
  0x00, 0x00, 0x11, 0x82, 0x01, 0x00, 0x00, 0x00, 0x10, 0x01, 0x2b, 0x02,
  0x00, 0x00, 0x01, 0x0b, 0x0c, 0x01, 0x82, 0x01, 0x00, 0x00, 0x01, 0xc1,
  0x01, 0x00, 0x00, 0x11, 0x82, 0x01, 0x00, 0x00, 0x00, 0x13, 0x01, 0x00,
  0x02, 0x00, 0x00, 0x01, 0x0c, 0x0c, 0x01, 0x82, 0x01, 0x00, 0x00, 0x01,
  0x14, 0x01, 0x13, 0x02, 0x00, 0x00, 0x01, 0x05, 0x0c, 0x01, 0x82, 0x01,
  0x00, 0x00, 0x01, 0x01, 0xea, 0x01, 0x00, 0x00, 0x11, 0x82, 0x01, 0x00,
  0x00, 0x00, 0x10, 0x01, 0xbe, 0x01, 0x00, 0x00, 0x01, 0x0d, 0x0c, 0x01,
  0x82, 0x01, 0x00, 0x00, 0x01, 0x08, 0x02, 0x00, 0x00, 0x11, 0x08, 0x02,
  0x00, 0x00, 0x11, 0x0e, 0x02, 0x00, 0x00, 0x00, 0x0a, 0x08, 0x4e, 0x01,
  0x00, 0x00, 0x0a, 0x08, 0x14, 0x02, 0x00, 0x00, 0x0a, 0x08, 0x47, 0x01,
  0x00, 0x00, 0x13, 0x01, 0x00, 0x00, 0x00, 0x00, 0x01, 0x09, 0x0c, 0x01,
  0x82, 0x01, 0x00, 0x00, 0x01, 0x13, 0x01, 0xc3, 0x01, 0x00, 0x00, 0x01,
  0x04, 0x0c, 0x01, 0x82, 0x01, 0x00, 0x00, 0x01, 0x10, 0x01, 0x78, 0x01,
  0x00, 0x00, 0x01, 0x07, 0x0c, 0x01, 0x82, 0x01, 0x00, 0x00, 0x01, 0x5b,
  0x02, 0x00, 0x00, 0x11, 0x82, 0x01, 0x00, 0x00, 0x11, 0x5b, 0x02, 0x00,
  0x00, 0x11, 0x82, 0x01, 0x00, 0x00, 0x00, 0x0a, 0x08, 0x61, 0x02, 0x00,
  0x00, 0x15, 0x10, 0x01, 0x07, 0x02, 0x00, 0x00, 0x01, 0x0a, 0x0e, 0x01,
  0x14, 0x02, 0x00, 0x00, 0x01, 0x7b, 0x02, 0x00, 0x00, 0x11, 0x82, 0x01,
  0x00, 0x00, 0x00, 0x16, 0x01, 0x98, 0x01, 0x00, 0x00, 0x01, 0x05, 0x01,
  0x05, 0x82, 0x01, 0x00, 0x00, 0xec, 0x06, 0x00, 0x00, 0x00, 0x00, 0x00,
  0x00, 0xfc, 0x09, 0x00, 0x00, 0x00, 0x00, 0x00, 0x00, 0x00, 0x00, 0x00,
  0x00, 0x01, 0xd9, 0x06, 0x00, 0x00, 0x17, 0x70, 0x69, 0x64, 0x00, 0x01,
  0x07, 0x01, 0x09, 0x82, 0x01, 0x00, 0x00, 0x8a, 0x00, 0x00, 0x00, 0x18,
  0x33, 0x00, 0x00, 0x00, 0x01, 0x07, 0x01, 0x0e, 0x82, 0x01, 0x00, 0x00,
  0x6b, 0x01, 0x00, 0x00, 0x19, 0xb8, 0x07, 0x00, 0x00, 0x00, 0x00, 0x00,
  0x00, 0xe0, 0x07, 0x00, 0x00, 0x00, 0x00, 0x00, 0x00, 0x24, 0x03, 0x00,
  0x00, 0x1a, 0x18, 0x02, 0x00, 0x00, 0x01, 0x13, 0x01, 0x0f, 0xd9, 0x06,
  0x00, 0x00, 0x03, 0x91, 0x80, 0x7f, 0x1b, 0xd4, 0x07, 0x00, 0x00, 0x00,
  0x00, 0x00, 0x00, 0xea, 0x01, 0x00, 0x00, 0x10, 0x03, 0x00, 0x00, 0x1c,
  0x01, 0x5a, 0x09, 0x03, 0xb0, 0x0a, 0x00, 0x00, 0x00, 0x00, 0x00, 0x00,
  0x1c, 0x01, 0x5b, 0x03, 0x78, 0x80, 0x7f, 0x00, 0x1d, 0xe0, 0x07, 0x00,
  0x00, 0x00, 0x00, 0x00, 0x00, 0xd0, 0x01, 0x00, 0x00, 0x1c, 0x01, 0x5a,
  0x01, 0x30, 0x00, 0x00, 0x19, 0x14, 0x08, 0x00, 0x00, 0x00, 0x00, 0x00,
  0x00, 0xe8, 0x08, 0x00, 0x00, 0x00, 0x00, 0x00, 0x00, 0x56, 0x04, 0x00,
  0x00, 0x1e, 0x70, 0x00, 0x01, 0x23, 0x01, 0x0e, 0xe9, 0x06, 0x00, 0x00,
  0x03, 0x91, 0x80, 0x7f, 0x19, 0x14, 0x08, 0x00, 0x00, 0x00, 0x00, 0x00,
  0x00, 0x38, 0x08, 0x00, 0x00, 0x00, 0x00, 0x00, 0x00, 0x81, 0x03, 0x00,
  0x00, 0x17, 0x69, 0x00, 0x01, 0x24, 0x01, 0x12, 0x82, 0x01, 0x00, 0x00,
  0xda, 0x01, 0x00, 0x00, 0x1d, 0x28, 0x08, 0x00, 0x00, 0x00, 0x00, 0x00,
  0x00, 0xd7, 0x0a, 0x00, 0x00, 0x1c, 0x01, 0x5a, 0x02, 0x79, 0x00, 0x00,
  0x00, 0x1f, 0x44, 0x08, 0x00, 0x00, 0x00, 0x00, 0x00, 0x00, 0xdc, 0x0b,
  0x00, 0x00, 0x1f, 0x50, 0x08, 0x00, 0x00, 0x00, 0x00, 0x00, 0x00, 0xdc,
  0x0b, 0x00, 0x00, 0x1f, 0x5c, 0x08, 0x00, 0x00, 0x00, 0x00, 0x00, 0x00,
  0xdc, 0x0b, 0x00, 0x00, 0x1f, 0x68, 0x08, 0x00, 0x00, 0x00, 0x00, 0x00,
  0x00, 0xdc, 0x0b, 0x00, 0x00, 0x1f, 0x74, 0x08, 0x00, 0x00, 0x00, 0x00,
  0x00, 0x00, 0xdc, 0x0b, 0x00, 0x00, 0x1f, 0x80, 0x08, 0x00, 0x00, 0x00,
  0x00, 0x00, 0x00, 0xdc, 0x0b, 0x00, 0x00, 0x1f, 0x8c, 0x08, 0x00, 0x00,
  0x00, 0x00, 0x00, 0x00, 0xdc, 0x0b, 0x00, 0x00, 0x1f, 0x98, 0x08, 0x00,
  0x00, 0x00, 0x00, 0x00, 0x00, 0xdc, 0x0b, 0x00, 0x00, 0x1f, 0xa4, 0x08,
  0x00, 0x00, 0x00, 0x00, 0x00, 0x00, 0xdc, 0x0b, 0x00, 0x00, 0x1f, 0xb0,
  0x08, 0x00, 0x00, 0x00, 0x00, 0x00, 0x00, 0xdc, 0x0b, 0x00, 0x00, 0x1f,
  0xb8, 0x08, 0x00, 0x00, 0x00, 0x00, 0x00, 0x00, 0x1a, 0x02, 0x00, 0x00,
  0x1f, 0xc4, 0x08, 0x00, 0x00, 0x00, 0x00, 0x00, 0x00, 0xc1, 0x01, 0x00,
  0x00, 0x1b, 0xdc, 0x08, 0x00, 0x00, 0x00, 0x00, 0x00, 0x00, 0xf9, 0x06,
  0x00, 0x00, 0x42, 0x04, 0x00, 0x00, 0x1c, 0x01, 0x5a, 0x09, 0x03, 0xe0,
  0x0a, 0x00, 0x00, 0x00, 0x00, 0x00, 0x00, 0x1c, 0x01, 0x5b, 0x02, 0x79,
  0x00, 0x00, 0x1d, 0xe8, 0x08, 0x00, 0x00, 0x00, 0x00, 0x00, 0x00, 0xd0,
  0x01, 0x00, 0x00, 0x1c, 0x01, 0x5a, 0x01, 0x30, 0x00, 0x00, 0x20, 0x00,
  0x00, 0x00, 0x00, 0xc1, 0x04, 0x00, 0x00, 0x17, 0x70, 0x69, 0x64, 0x00,
  0x01, 0x4d, 0x01, 0x0d, 0x82, 0x01, 0x00, 0x00, 0x44, 0x02, 0x00, 0x00,
  0x1a, 0x3e, 0x01, 0x00, 0x00, 0x01, 0x4d, 0x01, 0x12, 0x82, 0x01, 0x00,
  0x00, 0x03, 0x91, 0x80, 0x7f, 0x1b, 0x54, 0x07, 0x00, 0x00, 0x00, 0x00,
  0x00, 0x00, 0x69, 0x01, 0x00, 0x00, 0x99, 0x04, 0x00, 0x00, 0x1c, 0x01,
  0x5a, 0x02, 0x82, 0x00, 0x00, 0x1f, 0x64, 0x07, 0x00, 0x00, 0x00, 0x00,
  0x00, 0x00, 0x1a, 0x02, 0x00, 0x00, 0x1d, 0x7c, 0x07, 0x00, 0x00, 0x00,
  0x00, 0x00, 0x00, 0xf9, 0x06, 0x00, 0x00, 0x1c, 0x01, 0x5a, 0x02, 0x83,
  0x00, 0x1c, 0x01, 0x5c, 0x02, 0x79, 0x00, 0x00, 0x00, 0x1f, 0x04, 0x07,
  0x00, 0x00, 0x00, 0x00, 0x00, 0x00, 0x29, 0x02, 0x00, 0x00, 0x1f, 0x1c,
  0x07, 0x00, 0x00, 0x00, 0x00, 0x00, 0x00, 0x29, 0x02, 0x00, 0x00, 0x1f,
  0x2c, 0x07, 0x00, 0x00, 0x00, 0x00, 0x00, 0x00, 0x29, 0x02, 0x00, 0x00,
  0x1f, 0x88, 0x07, 0x00, 0x00, 0x00, 0x00, 0x00, 0x00, 0x1a, 0x02, 0x00,
  0x00, 0x1b, 0x9c, 0x07, 0x00, 0x00, 0x00, 0x00, 0x00, 0x00, 0xf9, 0x06,
  0x00, 0x00, 0x14, 0x05, 0x00, 0x00, 0x1c, 0x01, 0x5a, 0x09, 0x03, 0x90,
  0x0a, 0x00, 0x00, 0x00, 0x00, 0x00, 0x00, 0x00, 0x1f, 0xe8, 0x07, 0x00,
  0x00, 0x00, 0x00, 0x00, 0x00, 0x1a, 0x02, 0x00, 0x00, 0x1b, 0xfc, 0x07,
  0x00, 0x00, 0x00, 0x00, 0x00, 0x00, 0xf9, 0x06, 0x00, 0x00, 0x40, 0x05,
  0x00, 0x00, 0x1c, 0x01, 0x5a, 0x09, 0x03, 0xc0, 0x0a, 0x00, 0x00, 0x00,
  0x00, 0x00, 0x00, 0x00, 0x1f, 0xf0, 0x08, 0x00, 0x00, 0x00, 0x00, 0x00,
  0x00, 0x1a, 0x02, 0x00, 0x00, 0x1b, 0x04, 0x09, 0x00, 0x00, 0x00, 0x00,
  0x00, 0x00, 0xf9, 0x06, 0x00, 0x00, 0x6c, 0x05, 0x00, 0x00, 0x1c, 0x01,
  0x5a, 0x09, 0x03, 0xc0, 0x0a, 0x00, 0x00, 0x00, 0x00, 0x00, 0x00, 0x00,
  0x1b, 0x18, 0x09, 0x00, 0x00, 0x00, 0x00, 0x00, 0x00, 0xa8, 0x01, 0x00,
  0x00, 0x83, 0x05, 0x00, 0x00, 0x1c, 0x01, 0x5a, 0x01, 0x3a, 0x00, 0x1f,
  0x20, 0x09, 0x00, 0x00, 0x00, 0x00, 0x00, 0x00, 0x1a, 0x02, 0x00, 0x00,
  0x1f, 0x2c, 0x09, 0x00, 0x00, 0x00, 0x00, 0x00, 0x00, 0xc1, 0x01, 0x00,
  0x00, 0x1b, 0x44, 0x09, 0x00, 0x00, 0x00, 0x00, 0x00, 0x00, 0xf9, 0x06,
  0x00, 0x00, 0xc2, 0x05, 0x00, 0x00, 0x1c, 0x01, 0x5a, 0x09, 0x03, 0x08,
  0x0b, 0x00, 0x00, 0x00, 0x00, 0x00, 0x00, 0x1c, 0x01, 0x5b, 0x02, 0x82,
  0x00, 0x00, 0x1b, 0x50, 0x09, 0x00, 0x00, 0x00, 0x00, 0x00, 0x00, 0xa8,
  0x01, 0x00, 0x00, 0xd9, 0x05, 0x00, 0x00, 0x1c, 0x01, 0x5a, 0x01, 0x44,
  0x00, 0x1f, 0x58, 0x09, 0x00, 0x00, 0x00, 0x00, 0x00, 0x00, 0x1a, 0x02,
  0x00, 0x00, 0x1f, 0x64, 0x09, 0x00, 0x00, 0x00, 0x00, 0x00, 0x00, 0xc1,
  0x01, 0x00, 0x00, 0x1b, 0x7c, 0x09, 0x00, 0x00, 0x00, 0x00, 0x00, 0x00,
  0xf9, 0x06, 0x00, 0x00, 0x18, 0x06, 0x00, 0x00, 0x1c, 0x01, 0x5a, 0x09,
  0x03, 0x30, 0x0b, 0x00, 0x00, 0x00, 0x00, 0x00, 0x00, 0x1c, 0x01, 0x5b,
  0x02, 0x82, 0x00, 0x00, 0x1b, 0x88, 0x09, 0x00, 0x00, 0x00, 0x00, 0x00,
  0x00, 0xa8, 0x01, 0x00, 0x00, 0x2f, 0x06, 0x00, 0x00, 0x1c, 0x01, 0x5a,
  0x01, 0x4e, 0x00, 0x1f, 0x90, 0x09, 0x00, 0x00, 0x00, 0x00, 0x00, 0x00,
  0x1a, 0x02, 0x00, 0x00, 0x1f, 0x9c, 0x09, 0x00, 0x00, 0x00, 0x00, 0x00,
  0x00, 0xc1, 0x01, 0x00, 0x00, 0x1b, 0xb4, 0x09, 0x00, 0x00, 0x00, 0x00,
  0x00, 0x00, 0xf9, 0x06, 0x00, 0x00, 0x6e, 0x06, 0x00, 0x00, 0x1c, 0x01,
  0x5a, 0x09, 0x03, 0x58, 0x0b, 0x00, 0x00, 0x00, 0x00, 0x00, 0x00, 0x1c,
  0x01, 0x5b, 0x02, 0x82, 0x00, 0x00, 0x1b, 0xc0, 0x09, 0x00, 0x00, 0x00,
  0x00, 0x00, 0x00, 0x8f, 0x01, 0x00, 0x00, 0x86, 0x06, 0x00, 0x00, 0x1c,
  0x01, 0x5a, 0x02, 0x79, 0x00, 0x00, 0x1b, 0xcc, 0x09, 0x00, 0x00, 0x00,
  0x00, 0x00, 0x00, 0xd0, 0x01, 0x00, 0x00, 0x9d, 0x06, 0x00, 0x00, 0x1c,
  0x01, 0x5a, 0x01, 0x30, 0x00, 0x1f, 0xd4, 0x09, 0x00, 0x00, 0x00, 0x00,
  0x00, 0x00, 0x1a, 0x02, 0x00, 0x00, 0x1f, 0xe0, 0x09, 0x00, 0x00, 0x00,
  0x00, 0x00, 0x00, 0xc1, 0x01, 0x00, 0x00, 0x1d, 0xf8, 0x09, 0x00, 0x00,
  0x00, 0x00, 0x00, 0x00, 0xf9, 0x06, 0x00, 0x00, 0x1c, 0x01, 0x5a, 0x09,
  0x03, 0xb0, 0x0b, 0x00, 0x00, 0x00, 0x00, 0x00, 0x00, 0x1c, 0x01, 0x5b,
  0x02, 0x79, 0x00, 0x00, 0x00, 0x0d, 0x14, 0x02, 0x00, 0x00, 0xe9, 0x06,
  0x00, 0x00, 0x0e, 0x5a, 0x00, 0x00, 0x00, 0x01, 0x00, 0x0d, 0x89, 0x01,
  0x00, 0x00, 0xf9, 0x06, 0x00, 0x00, 0x0e, 0x5a, 0x00, 0x00, 0x00, 0x09,
  0x00, 0x21, 0x01, 0x22, 0x01, 0x00, 0x00, 0x01, 0xf9, 0x06, 0x01, 0x98,
  0x06, 0x00, 0x00, 0x00, 0x00, 0x00, 0x00, 0xec, 0x06, 0x00, 0x00, 0x00,
  0x00, 0x00, 0x00, 0x7a, 0x02, 0x00, 0x00, 0x01, 0x5d, 0x07, 0x00, 0x00,
  0x22, 0x66, 0x6d, 0x74, 0x00, 0x01, 0xf9, 0x19, 0x08, 0x02, 0x00, 0x00,
  0xf1, 0x02, 0x00, 0x00, 0x23, 0x24, 0x61, 0x70, 0x00, 0x01, 0xfb, 0x0d,
  0x73, 0x00, 0x00, 0x00, 0x03, 0x91, 0xa8, 0x7f, 0x1d, 0xdc, 0x06, 0x00,
  0x00, 0x00, 0x00, 0x00, 0x00, 0x5d, 0x07, 0x00, 0x00, 0x1c, 0x01, 0x5a,
  0x01, 0x31, 0x1c, 0x01, 0x5b, 0x03, 0xf3, 0x01, 0x5a, 0x1c, 0x01, 0x5c,
  0x02, 0x91, 0x48, 0x00, 0x00, 0x21, 0x01, 0x21, 0x01, 0x00, 0x00, 0x01,
  0xb5, 0x06, 0x01, 0x18, 0x04, 0x00, 0x00, 0x00, 0x00, 0x00, 0x00, 0x98,
  0x06, 0x00, 0x00, 0x00, 0x00, 0x00, 0x00, 0x3d, 0x03, 0x00, 0x00, 0x01,
  0x89, 0x09, 0x00, 0x00, 0x22, 0x66, 0x64, 0x00, 0x01, 0xb5, 0x12, 0x82,
  0x01, 0x00, 0x00, 0xb3, 0x03, 0x00, 0x00, 0x22, 0x66, 0x6d, 0x74, 0x00,
  0x01, 0xb5, 0x22, 0x08, 0x02, 0x00, 0x00, 0xff, 0x03, 0x00, 0x00, 0x22,
  0x61, 0x70, 0x00, 0x01, 0xb5, 0x2f, 0x73, 0x00, 0x00, 0x00, 0x38, 0x04,
  0x00, 0x00, 0x25, 0x73, 0x00, 0x01, 0xb7, 0x0b, 0x14, 0x02, 0x00, 0x00,
  0x9e, 0x05, 0x00, 0x00, 0x25, 0x63, 0x00, 0x01, 0xb8, 0x09, 0x82, 0x01,
  0x00, 0x00, 0xd4, 0x05, 0x00, 0x00, 0x25, 0x69, 0x00, 0x01, 0xb8, 0x0c,
  0x82, 0x01, 0x00, 0x00, 0xa4, 0x06, 0x00, 0x00, 0x26, 0x3f, 0x01, 0x00,
  0x00, 0x01, 0xb8, 0x0f, 0x82, 0x01, 0x00, 0x00, 0x55, 0x07, 0x00, 0x00,
  0x27, 0x89, 0x09, 0x00, 0x00, 0x58, 0x05, 0x00, 0x00, 0x00, 0x00, 0x00,
  0x00, 0xa8, 0x05, 0x00, 0x00, 0x00, 0x00, 0x00, 0x00, 0x01, 0xd9, 0x11,
  0x7e, 0x08, 0x00, 0x00, 0x28, 0x97, 0x09, 0x00, 0x00, 0x4b, 0x08, 0x00,
  0x00, 0x28, 0xa2, 0x09, 0x00, 0x00, 0x6e, 0x08, 0x00, 0x00, 0x29, 0xac,
  0x09, 0x00, 0x00, 0x91, 0x08, 0x00, 0x00, 0x1b, 0x68, 0x05, 0x00, 0x00,
  0x00, 0x00, 0x00, 0x00, 0x77, 0x0a, 0x00, 0x00, 0x3d, 0x08, 0x00, 0x00,
  0x1c, 0x01, 0x5a, 0x02, 0x85, 0x00, 0x1c, 0x01, 0x5b, 0x02, 0x08, 0x30,
  0x00, 0x1b, 0x78, 0x05, 0x00, 0x00, 0x00, 0x00, 0x00, 0x00, 0x77, 0x0a,
  0x00, 0x00, 0x5b, 0x08, 0x00, 0x00, 0x1c, 0x01, 0x5a, 0x02, 0x85, 0x00,
  0x1c, 0x01, 0x5b, 0x02, 0x08, 0x78, 0x00, 0x1d, 0x9c, 0x05, 0x00, 0x00,
  0x00, 0x00, 0x00, 0x00, 0x77, 0x0a, 0x00, 0x00, 0x1c, 0x01, 0x5a, 0x02,
  0x85, 0x00, 0x1c, 0x01, 0x5b, 0x0a, 0x83, 0x00, 0x08, 0x3c, 0x25, 0x87,
  0x00, 0x22, 0x94, 0x01, 0x00, 0x00, 0x1b, 0x78, 0x04, 0x00, 0x00, 0x00,
  0x00, 0x00, 0x00, 0x77, 0x0a, 0x00, 0x00, 0x9c, 0x08, 0x00, 0x00, 0x1c,
  0x01, 0x5a, 0x02, 0x85, 0x00, 0x1c, 0x01, 0x5b, 0x02, 0x82, 0x00, 0x00,
  0x1b, 0xf0, 0x04, 0x00, 0x00, 0x00, 0x00, 0x00, 0x00, 0xb7, 0x09, 0x00,
  0x00, 0xbe, 0x08, 0x00, 0x00, 0x1c, 0x01, 0x5a, 0x02, 0x85, 0x00, 0x1c,
  0x01, 0x5c, 0x01, 0x3a, 0x1c, 0x01, 0x5d, 0x01, 0x31, 0x00, 0x1b, 0x18,
  0x05, 0x00, 0x00, 0x00, 0x00, 0x00, 0x00, 0xb7, 0x09, 0x00, 0x00, 0xe0,
  0x08, 0x00, 0x00, 0x1c, 0x01, 0x5a, 0x02, 0x85, 0x00, 0x1c, 0x01, 0x5c,
  0x01, 0x3a, 0x1c, 0x01, 0x5d, 0x01, 0x30, 0x00, 0x1b, 0x40, 0x05, 0x00,
  0x00, 0x00, 0x00, 0x00, 0x00, 0xb7, 0x09, 0x00, 0x00, 0x02, 0x09, 0x00,
  0x00, 0x1c, 0x01, 0x5a, 0x02, 0x85, 0x00, 0x1c, 0x01, 0x5c, 0x01, 0x40,
  0x1c, 0x01, 0x5d, 0x01, 0x30, 0x00, 0x1b, 0xd8, 0x05, 0x00, 0x00, 0x00,
  0x00, 0x00, 0x00, 0x77, 0x0a, 0x00, 0x00, 0x1a, 0x09, 0x00, 0x00, 0x1c,
  0x01, 0x5a, 0x02, 0x85, 0x00, 0x00, 0x1b, 0x14, 0x06, 0x00, 0x00, 0x00,
  0x00, 0x00, 0x00, 0x77, 0x0a, 0x00, 0x00, 0x32, 0x09, 0x00, 0x00, 0x1c,
  0x01, 0x5a, 0x02, 0x85, 0x00, 0x00, 0x1b, 0x30, 0x06, 0x00, 0x00, 0x00,
  0x00, 0x00, 0x00, 0x77, 0x0a, 0x00, 0x00, 0x50, 0x09, 0x00, 0x00, 0x1c,
  0x01, 0x5a, 0x02, 0x85, 0x00, 0x1c, 0x01, 0x5b, 0x02, 0x84, 0x00, 0x00,
  0x1b, 0x48, 0x06, 0x00, 0x00, 0x00, 0x00, 0x00, 0x00, 0x77, 0x0a, 0x00,
  0x00, 0x6e, 0x09, 0x00, 0x00, 0x1c, 0x01, 0x5a, 0x02, 0x85, 0x00, 0x1c,
  0x01, 0x5b, 0x02, 0x84, 0x00, 0x00, 0x1d, 0x58, 0x06, 0x00, 0x00, 0x00,
  0x00, 0x00, 0x00, 0x77, 0x0a, 0x00, 0x00, 0x1c, 0x01, 0x5a, 0x02, 0x85,
  0x00, 0x1c, 0x01, 0x5b, 0x02, 0x82, 0x00, 0x00, 0x00, 0x2a, 0x3d, 0x02,
  0x00, 0x00, 0x01, 0xab, 0x0d, 0x01, 0x01, 0xb7, 0x09, 0x00, 0x00, 0x2b,
  0x66, 0x64, 0x00, 0x01, 0xab, 0x1a, 0x82, 0x01, 0x00, 0x00, 0x2b, 0x78,
  0x00, 0x01, 0xab, 0x25, 0x4e, 0x00, 0x00, 0x00, 0x2c, 0x69, 0x00, 0x01,
  0xad, 0x09, 0x82, 0x01, 0x00, 0x00, 0x00, 0x2d, 0x83, 0x01, 0x00, 0x00,
  0x01, 0x8e, 0x0d, 0x01, 0x34, 0x00, 0x00, 0x00, 0x00, 0x00, 0x00, 0x00,
  0x0c, 0x01, 0x00, 0x00, 0x00, 0x00, 0x00, 0x00, 0xe3, 0x08, 0x00, 0x00,
  0x01, 0x67, 0x0a, 0x00, 0x00, 0x22, 0x66, 0x64, 0x00, 0x01, 0x8e, 0x1a,
  0x82, 0x01, 0x00, 0x00, 0x6d, 0x09, 0x00, 0x00, 0x22, 0x78, 0x78, 0x00,
  0x01, 0x8e, 0x22, 0x82, 0x01, 0x00, 0x00, 0xcc, 0x09, 0x00, 0x00, 0x2e,
  0xb9, 0x01, 0x00, 0x00, 0x01, 0x8e, 0x2a, 0x82, 0x01, 0x00, 0x00, 0x2e,
  0x0a, 0x00, 0x00, 0x22, 0x73, 0x67, 0x6e, 0x00, 0x01, 0x8e, 0x34, 0x82,
  0x01, 0x00, 0x00, 0x7a, 0x0a, 0x00, 0x00, 0x24, 0x62, 0x75, 0x66, 0x00,
  0x01, 0x90, 0x0a, 0x67, 0x0a, 0x00, 0x00, 0x02, 0x91, 0x40, 0x25, 0x69,
  0x00, 0x01, 0x91, 0x09, 0x82, 0x01, 0x00, 0x00, 0xc6, 0x0a, 0x00, 0x00,
  0x25, 0x6e, 0x65, 0x67, 0x00, 0x01, 0x91, 0x0c, 0x82, 0x01, 0x00, 0x00,
  0x4b, 0x0b, 0x00, 0x00, 0x25, 0x78, 0x00, 0x01, 0x92, 0x0a, 0x2d, 0x00,
  0x00, 0x00, 0x96, 0x0b, 0x00, 0x00, 0x1d, 0xd8, 0x00, 0x00, 0x00, 0x00,
  0x00, 0x00, 0x00, 0x77, 0x0a, 0x00, 0x00, 0x1c, 0x01, 0x5a, 0x02, 0x82,
  0x00, 0x00, 0x00, 0x0d, 0x47, 0x01, 0x00, 0x00, 0x77, 0x0a, 0x00, 0x00,
  0x0e, 0x5a, 0x00, 0x00, 0x00, 0x0f, 0x00, 0x2d, 0xc8, 0x01, 0x00, 0x00,
  0x01, 0x89, 0x0d, 0x01, 0x00, 0x00, 0x00, 0x00, 0x00, 0x00, 0x00, 0x00,
  0x34, 0x00, 0x00, 0x00, 0x00, 0x00, 0x00, 0x00, 0xe2, 0x0b, 0x00, 0x00,
  0x01, 0xd7, 0x0a, 0x00, 0x00, 0x22, 0x66, 0x64, 0x00, 0x01, 0x89, 0x16,
  0x82, 0x01, 0x00, 0x00, 0x56, 0x0c, 0x00, 0x00, 0x22, 0x63, 0x00, 0x01,
  0x89, 0x1f, 0x47, 0x01, 0x00, 0x00, 0x8f, 0x0c, 0x00, 0x00, 0x1d, 0x24,
  0x00, 0x00, 0x00, 0x00, 0x00, 0x00, 0x00, 0x38, 0x02, 0x00, 0x00, 0x1c,
  0x01, 0x5a, 0x03, 0xf3, 0x01, 0x5a, 0x1c, 0x01, 0x5b, 0x02, 0x78, 0x6f,
  0x1c, 0x01, 0x5c, 0x01, 0x31, 0x00, 0x00, 0x2f, 0x01, 0x46, 0x02, 0x00,
  0x00, 0x01, 0x62, 0x07, 0x01, 0x4a, 0x0b, 0x00, 0x00, 0xc0, 0x02, 0x00,
  0x00, 0x00, 0x00, 0x00, 0x00, 0x18, 0x04, 0x00, 0x00, 0x00, 0x00, 0x00,
  0x00, 0xc6, 0x0c, 0x00, 0x00, 0x01, 0x4a, 0x0b, 0x00, 0x00, 0x2e, 0xb2,
  0x01, 0x00, 0x00, 0x01, 0x62, 0x13, 0x2d, 0x00, 0x00, 0x00, 0x50, 0x0d,
  0x00, 0x00, 0x25, 0x70, 0x00, 0x01, 0x64, 0x0d, 0x1a, 0x01, 0x00, 0x00,
  0x89, 0x0d, 0x00, 0x00, 0x26, 0x0e, 0x00, 0x00, 0x00, 0x01, 0x64, 0x11,
  0x1a, 0x01, 0x00, 0x00, 0x14, 0x0e, 0x00, 0x00, 0x26, 0xcd, 0x01, 0x00,
  0x00, 0x01, 0x65, 0x0a, 0x2d, 0x00, 0x00, 0x00, 0x9f, 0x0e, 0x00, 0x00,
  0x1f, 0x80, 0x03, 0x00, 0x00, 0x00, 0x00, 0x00, 0x00, 0x4c, 0x0b, 0x00,
  0x00, 0x00, 0x30, 0x08, 0x31, 0x8c, 0x01, 0x00, 0x00, 0x01, 0x48, 0x10,
  0x01, 0x1a, 0x01, 0x00, 0x00, 0x14, 0x02, 0x00, 0x00, 0x00, 0x00, 0x00,
  0x00, 0xc0, 0x02, 0x00, 0x00, 0x00, 0x00, 0x00, 0x00, 0x1d, 0x0f, 0x00,
  0x00, 0x01, 0xdc, 0x0b, 0x00, 0x00, 0x22, 0x6e, 0x75, 0x00, 0x01, 0x48,
  0x20, 0x82, 0x01, 0x00, 0x00, 0xa5, 0x0f, 0x00, 0x00, 0x25, 0x70, 0x00,
  0x01, 0x4a, 0x0b, 0x14, 0x02, 0x00, 0x00, 0x2d, 0x10, 0x00, 0x00, 0x25,
  0x68, 0x70, 0x00, 0x01, 0x4b, 0x0d, 0x1a, 0x01, 0x00, 0x00, 0x89, 0x10,
  0x00, 0x00, 0x1b, 0x3c, 0x02, 0x00, 0x00, 0x00, 0x00, 0x00, 0x00, 0x62,
  0x02, 0x00, 0x00, 0xb8, 0x0b, 0x00, 0x00, 0x1c, 0x01, 0x5a, 0x04, 0x79,
  0x00, 0x34, 0x24, 0x00, 0x1f, 0x6c, 0x02, 0x00, 0x00, 0x00, 0x00, 0x00,
  0x00, 0xdc, 0x0b, 0x00, 0x00, 0x1d, 0x94, 0x02, 0x00, 0x00, 0x00, 0x00,
  0x00, 0x00, 0x62, 0x02, 0x00, 0x00, 0x1c, 0x01, 0x5a, 0x04, 0x79, 0x00,
  0x34, 0x24, 0x00, 0x00, 0x32, 0x01, 0x26, 0x02, 0x00, 0x00, 0x01, 0x28,
  0x06, 0x01, 0x0c, 0x01, 0x00, 0x00, 0x00, 0x00, 0x00, 0x00, 0x14, 0x02,
  0x00, 0x00, 0x00, 0x00, 0x00, 0x00, 0xac, 0x10, 0x00, 0x00, 0x01, 0x22,
  0x61, 0x70, 0x00, 0x01, 0x28, 0x11, 0x4a, 0x0b, 0x00, 0x00, 0x20, 0x11,
  0x00, 0x00, 0x25, 0x62, 0x70, 0x00, 0x01, 0x2a, 0x0d, 0x1a, 0x01, 0x00,
  0x00, 0x82, 0x11, 0x00, 0x00, 0x25, 0x70, 0x00, 0x01, 0x2a, 0x12, 0x1a,
  0x01, 0x00, 0x00, 0xcb, 0x11, 0x00, 0x00, 0x1f, 0x70, 0x01, 0x00, 0x00,
  0x00, 0x00, 0x00, 0x00, 0x4c, 0x0b, 0x00, 0x00, 0x00, 0x00, 0x2a, 0x00,
  0x00, 0x00, 0x02, 0x00, 0x0f, 0x03, 0x00, 0x00, 0x08, 0x01, 0x37, 0x0c,
  0x00, 0x00, 0xfc, 0x09, 0x00, 0x00, 0x00, 0x00, 0x00, 0x00, 0x74, 0x0a,
  0x00, 0x00, 0x00, 0x00, 0x00, 0x00, 0x4d, 0x02, 0x00, 0x00, 0xd4, 0x01,
  0x00, 0x00, 0x54, 0x02, 0x00, 0x00, 0x01, 0x80, 0x01, 0x11, 0x01, 0x25,
  0x0e, 0x13, 0x0b, 0x03, 0x0e, 0x1b, 0x0e, 0x11, 0x01, 0x12, 0x01, 0x10,
  0x06, 0x00, 0x00, 0x02, 0x16, 0x00, 0x03, 0x0e, 0x3a, 0x0b, 0x3b, 0x0b,
  0x39, 0x0b, 0x49, 0x13, 0x00, 0x00, 0x03, 0x24, 0x00, 0x0b, 0x0b, 0x3e,
  0x0b, 0x03, 0x0e, 0x00, 0x00, 0x04, 0x0f, 0x00, 0x0b, 0x0b, 0x03, 0x0e,
  0x00, 0x00, 0x05, 0x13, 0x01, 0x0b, 0x0b, 0x3a, 0x0b, 0x3b, 0x0b, 0x39,
  0x0b, 0x01, 0x13, 0x00, 0x00, 0x06, 0x0d, 0x00, 0x03, 0x08, 0x3a, 0x0b,
  0x3b, 0x0b, 0x39, 0x0b, 0x49, 0x13, 0x38, 0x0a, 0x00, 0x00, 0x07, 0x0d,
  0x00, 0x03, 0x0e, 0x3a, 0x0b, 0x3b, 0x0b, 0x39, 0x0b, 0x49, 0x13, 0x38,
  0x0a, 0x00, 0x00, 0x08, 0x17, 0x01, 0x03, 0x0e, 0x0b, 0x0b, 0x3a, 0x0b,
  0x3b, 0x0b, 0x39, 0x0b, 0x01, 0x13, 0x00, 0x00, 0x09, 0x0d, 0x00, 0x03,
  0x08, 0x3a, 0x0b, 0x3b, 0x0b, 0x39, 0x0b, 0x49, 0x13, 0x00, 0x00, 0x0a,
  0x0f, 0x00, 0x0b, 0x0b, 0x49, 0x13, 0x00, 0x00, 0x0b, 0x34, 0x00, 0x03,
  0x0e, 0x3a, 0x0b, 0x3b, 0x0b, 0x39, 0x0b, 0x49, 0x13, 0x02, 0x0a, 0x00,
  0x00, 0x0c, 0x34, 0x00, 0x03, 0x0e, 0x3a, 0x0b, 0x3b, 0x0b, 0x39, 0x0b,
  0x49, 0x13, 0x3f, 0x0c, 0x02, 0x0a, 0x00, 0x00, 0x0d, 0x01, 0x01, 0x49,
  0x13, 0x01, 0x13, 0x00, 0x00, 0x0e, 0x21, 0x00, 0x49, 0x13, 0x2f, 0x0b,
  0x00, 0x00, 0x0f, 0x26, 0x00, 0x49, 0x13, 0x00, 0x00, 0x10, 0x2e, 0x01,
  0x3f, 0x0c, 0x03, 0x0e, 0x3a, 0x0b, 0x3b, 0x0b, 0x39, 0x0b, 0x27, 0x0c,
  0x49, 0x13, 0x3c, 0x0c, 0x01, 0x13, 0x00, 0x00, 0x11, 0x05, 0x00, 0x49,
  0x13, 0x00, 0x00, 0x12, 0x24, 0x00, 0x0b, 0x0b, 0x3e, 0x0b, 0x03, 0x08,
  0x00, 0x00, 0x13, 0x2e, 0x00, 0x3f, 0x0c, 0x03, 0x0e, 0x3a, 0x0b, 0x3b,
  0x0b, 0x39, 0x0b, 0x27, 0x0c, 0x49, 0x13, 0x3c, 0x0c, 0x00, 0x00, 0x14,
  0x2e, 0x01, 0x3f, 0x0c, 0x03, 0x0e, 0x3a, 0x0b, 0x3b, 0x0b, 0x39, 0x0b,
  0x27, 0x0c, 0x49, 0x13, 0x87, 0x01, 0x0c, 0x3c, 0x0c, 0x01, 0x13, 0x00,
  0x00, 0x15, 0x26, 0x00, 0x00, 0x00, 0x16, 0x2e, 0x01, 0x3f, 0x0c, 0x03,
  0x0e, 0x3a, 0x0b, 0x3b, 0x05, 0x39, 0x0b, 0x49, 0x13, 0x11, 0x01, 0x12,
  0x01, 0x40, 0x06, 0x97, 0x42, 0x0c, 0x01, 0x13, 0x00, 0x00, 0x17, 0x34,
  0x00, 0x03, 0x08, 0x3a, 0x0b, 0x3b, 0x05, 0x39, 0x0b, 0x49, 0x13, 0x02,
  0x06, 0x00, 0x00, 0x18, 0x34, 0x00, 0x03, 0x0e, 0x3a, 0x0b, 0x3b, 0x05,
  0x39, 0x0b, 0x49, 0x13, 0x02, 0x06, 0x00, 0x00, 0x19, 0x0b, 0x01, 0x11,
  0x01, 0x12, 0x01, 0x01, 0x13, 0x00, 0x00, 0x1a, 0x34, 0x00, 0x03, 0x0e,
  0x3a, 0x0b, 0x3b, 0x05, 0x39, 0x0b, 0x49, 0x13, 0x02, 0x0a, 0x00, 0x00,
  0x1b, 0x89, 0x82, 0x01, 0x01, 0x11, 0x01, 0x31, 0x13, 0x01, 0x13, 0x00,
  0x00, 0x1c, 0x8a, 0x82, 0x01, 0x00, 0x02, 0x0a, 0x91, 0x42, 0x0a, 0x00,
  0x00, 0x1d, 0x89, 0x82, 0x01, 0x01, 0x11, 0x01, 0x31, 0x13, 0x00, 0x00,
  0x1e, 0x34, 0x00, 0x03, 0x08, 0x3a, 0x0b, 0x3b, 0x05, 0x39, 0x0b, 0x49,
  0x13, 0x02, 0x0a, 0x00, 0x00, 0x1f, 0x89, 0x82, 0x01, 0x00, 0x11, 0x01,
  0x31, 0x13, 0x00, 0x00, 0x20, 0x0b, 0x01, 0x55, 0x06, 0x01, 0x13, 0x00,
  0x00, 0x21, 0x2e, 0x01, 0x3f, 0x0c, 0x03, 0x0e, 0x3a, 0x0b, 0x3b, 0x0b,
  0x39, 0x0b, 0x27, 0x0c, 0x11, 0x01, 0x12, 0x01, 0x40, 0x06, 0x97, 0x42,
  0x0c, 0x01, 0x13, 0x00, 0x00, 0x22, 0x05, 0x00, 0x03, 0x08, 0x3a, 0x0b,
  0x3b, 0x0b, 0x39, 0x0b, 0x49, 0x13, 0x02, 0x06, 0x00, 0x00, 0x23, 0x18,
  0x00, 0x00, 0x00, 0x24, 0x34, 0x00, 0x03, 0x08, 0x3a, 0x0b, 0x3b, 0x0b,
  0x39, 0x0b, 0x49, 0x13, 0x02, 0x0a, 0x00, 0x00, 0x25, 0x34, 0x00, 0x03,
  0x08, 0x3a, 0x0b, 0x3b, 0x0b, 0x39, 0x0b, 0x49, 0x13, 0x02, 0x06, 0x00,
  0x00, 0x26, 0x34, 0x00, 0x03, 0x0e, 0x3a, 0x0b, 0x3b, 0x0b, 0x39, 0x0b,
  0x49, 0x13, 0x02, 0x06, 0x00, 0x00, 0x27, 0x1d, 0x01, 0x31, 0x13, 0x11,
  0x01, 0x12, 0x01, 0x58, 0x0b, 0x59, 0x0b, 0x57, 0x0b, 0x01, 0x13, 0x00,
  0x00, 0x28, 0x05, 0x00, 0x31, 0x13, 0x02, 0x06, 0x00, 0x00, 0x29, 0x34,
  0x00, 0x31, 0x13, 0x02, 0x06, 0x00, 0x00, 0x2a, 0x2e, 0x01, 0x03, 0x0e,
  0x3a, 0x0b, 0x3b, 0x0b, 0x39, 0x0b, 0x27, 0x0c, 0x20, 0x0b, 0x01, 0x13,
  0x00, 0x00, 0x2b, 0x05, 0x00, 0x03, 0x08, 0x3a, 0x0b, 0x3b, 0x0b, 0x39,
  0x0b, 0x49, 0x13, 0x00, 0x00, 0x2c, 0x34, 0x00, 0x03, 0x08, 0x3a, 0x0b,
  0x3b, 0x0b, 0x39, 0x0b, 0x49, 0x13, 0x00, 0x00, 0x2d, 0x2e, 0x01, 0x03,
  0x0e, 0x3a, 0x0b, 0x3b, 0x0b, 0x39, 0x0b, 0x27, 0x0c, 0x11, 0x01, 0x12,
  0x01, 0x40, 0x06, 0x97, 0x42, 0x0c, 0x01, 0x13, 0x00, 0x00, 0x2e, 0x05,
  0x00, 0x03, 0x0e, 0x3a, 0x0b, 0x3b, 0x0b, 0x39, 0x0b, 0x49, 0x13, 0x02,
  0x06, 0x00, 0x00, 0x2f, 0x2e, 0x01, 0x3f, 0x0c, 0x03, 0x0e, 0x3a, 0x0b,
  0x3b, 0x0b, 0x39, 0x0b, 0x27, 0x0c, 0x49, 0x13, 0x11, 0x01, 0x12, 0x01,
  0x40, 0x06, 0x97, 0x42, 0x0c, 0x01, 0x13, 0x00, 0x00, 0x30, 0x0f, 0x00,
  0x0b, 0x0b, 0x00, 0x00, 0x31, 0x2e, 0x01, 0x03, 0x0e, 0x3a, 0x0b, 0x3b,
  0x0b, 0x39, 0x0b, 0x27, 0x0c, 0x49, 0x13, 0x11, 0x01, 0x12, 0x01, 0x40,
  0x06, 0x97, 0x42, 0x0c, 0x01, 0x13, 0x00, 0x00, 0x32, 0x2e, 0x01, 0x3f,
  0x0c, 0x03, 0x0e, 0x3a, 0x0b, 0x3b, 0x0b, 0x39, 0x0b, 0x27, 0x0c, 0x11,
  0x01, 0x12, 0x01, 0x40, 0x06, 0x97, 0x42, 0x0c, 0x00, 0x00, 0x00, 0x01,
  0x11, 0x00, 0x10, 0x06, 0x11, 0x01, 0x12, 0x01, 0x03, 0x0e, 0x1b, 0x0e,
  0x25, 0x0e, 0x13, 0x05, 0x00, 0x00, 0x00, 0xec, 0x06, 0x00, 0x00, 0x00,
  0x00, 0x00, 0x00, 0xf0, 0x06, 0x00, 0x00, 0x00, 0x00, 0x00, 0x00, 0x02,
  0x00, 0x72, 0x00, 0xf0, 0x06, 0x00, 0x00, 0x00, 0x00, 0x00, 0x00, 0xfc,
  0x06, 0x00, 0x00, 0x00, 0x00, 0x00, 0x00, 0x03, 0x00, 0x72, 0x80, 0x01,
  0xfc, 0x06, 0x00, 0x00, 0x00, 0x00, 0x00, 0x00, 0xa8, 0x07, 0x00, 0x00,
  0x00, 0x00, 0x00, 0x00, 0x02, 0x00, 0x78, 0x00, 0xa8, 0x07, 0x00, 0x00,
  0x00, 0x00, 0x00, 0x00, 0xac, 0x07, 0x00, 0x00, 0x00, 0x00, 0x00, 0x00,
  0x03, 0x00, 0x72, 0x80, 0x01, 0xac, 0x07, 0x00, 0x00, 0x00, 0x00, 0x00,
  0x00, 0xb0, 0x07, 0x00, 0x00, 0x00, 0x00, 0x00, 0x00, 0x02, 0x00, 0x72,
  0x00, 0xb0, 0x07, 0x00, 0x00, 0x00, 0x00, 0x00, 0x00, 0xfc, 0x09, 0x00,
  0x00, 0x00, 0x00, 0x00, 0x00, 0x02, 0x00, 0x78, 0x00, 0x00, 0x00, 0x00,
  0x00, 0x00, 0x00, 0x00, 0x00, 0x00, 0x00, 0x00, 0x00, 0x00, 0x00, 0x00,
  0x00, 0x04, 0x07, 0x00, 0x00, 0x00, 0x00, 0x00, 0x00, 0x1b, 0x07, 0x00,
  0x00, 0x00, 0x00, 0x00, 0x00, 0x01, 0x00, 0x5a, 0x1b, 0x07, 0x00, 0x00,
  0x00, 0x00, 0x00, 0x00, 0x1c, 0x07, 0x00, 0x00, 0x00, 0x00, 0x00, 0x00,
  0x01, 0x00, 0x59, 0x1c, 0x07, 0x00, 0x00, 0x00, 0x00, 0x00, 0x00, 0x2b,
  0x07, 0x00, 0x00, 0x00, 0x00, 0x00, 0x00, 0x01, 0x00, 0x5a, 0x2c, 0x07,
  0x00, 0x00, 0x00, 0x00, 0x00, 0x00, 0x48, 0x07, 0x00, 0x00, 0x00, 0x00,
  0x00, 0x00, 0x01, 0x00, 0x5a, 0x80, 0x07, 0x00, 0x00, 0x00, 0x00, 0x00,
  0x00, 0x87, 0x07, 0x00, 0x00, 0x00, 0x00, 0x00, 0x00, 0x01, 0x00, 0x5a,
  0xb0, 0x07, 0x00, 0x00, 0x00, 0x00, 0x00, 0x00, 0xc0, 0x07, 0x00, 0x00,
  0x00, 0x00, 0x00, 0x00, 0x01, 0x00, 0x5a, 0xc0, 0x07, 0x00, 0x00, 0x00,
  0x00, 0x00, 0x00, 0xe0, 0x07, 0x00, 0x00, 0x00, 0x00, 0x00, 0x00, 0x01,
  0x00, 0x59, 0xe0, 0x07, 0x00, 0x00, 0x00, 0x00, 0x00, 0x00, 0xe7, 0x07,
  0x00, 0x00, 0x00, 0x00, 0x00, 0x00, 0x01, 0x00, 0x5a, 0x04, 0x08, 0x00,
  0x00, 0x00, 0x00, 0x00, 0x00, 0x1c, 0x08, 0x00, 0x00, 0x00, 0x00, 0x00,
  0x00, 0x01, 0x00, 0x5a, 0xe8, 0x08, 0x00, 0x00, 0x00, 0x00, 0x00, 0x00,
  0xef, 0x08, 0x00, 0x00, 0x00, 0x00, 0x00, 0x00, 0x01, 0x00, 0x5a, 0x0c,
  0x09, 0x00, 0x00, 0x00, 0x00, 0x00, 0x00, 0x10, 0x09, 0x00, 0x00, 0x00,
  0x00, 0x00, 0x00, 0x01, 0x00, 0x5a, 0x00, 0x00, 0x00, 0x00, 0x00, 0x00,
  0x00, 0x00, 0x00, 0x00, 0x00, 0x00, 0x00, 0x00, 0x00, 0x00, 0x14, 0x07,
  0x00, 0x00, 0x00, 0x00, 0x00, 0x00, 0x48, 0x07, 0x00, 0x00, 0x00, 0x00,
  0x00, 0x00, 0x01, 0x00, 0x59, 0xe0, 0x07, 0x00, 0x00, 0x00, 0x00, 0x00,
  0x00, 0x00, 0x08, 0x00, 0x00, 0x00, 0x00, 0x00, 0x00, 0x01, 0x00, 0x59,
  0x04, 0x08, 0x00, 0x00, 0x00, 0x00, 0x00, 0x00, 0x14, 0x08, 0x00, 0x00,
  0x00, 0x00, 0x00, 0x00, 0x01, 0x00, 0x59, 0xe8, 0x08, 0x00, 0x00, 0x00,
  0x00, 0x00, 0x00, 0x08, 0x09, 0x00, 0x00, 0x00, 0x00, 0x00, 0x00, 0x01,
  0x00, 0x59, 0x0c, 0x09, 0x00, 0x00, 0x00, 0x00, 0x00, 0x00, 0xcc, 0x09,
  0x00, 0x00, 0x00, 0x00, 0x00, 0x00, 0x01, 0x00, 0x59, 0x00, 0x00, 0x00,
  0x00, 0x00, 0x00, 0x00, 0x00, 0x00, 0x00, 0x00, 0x00, 0x00, 0x00, 0x00,
  0x00, 0x1c, 0x08, 0x00, 0x00, 0x00, 0x00, 0x00, 0x00, 0x2c, 0x08, 0x00,
  0x00, 0x00, 0x00, 0x00, 0x00, 0x0b, 0x00, 0x83, 0x00, 0x78, 0x00, 0x1c,
  0x23, 0x80, 0x01, 0x33, 0x25, 0x9f, 0x2c, 0x08, 0x00, 0x00, 0x00, 0x00,
  0x00, 0x00, 0x34, 0x08, 0x00, 0x00, 0x00, 0x00, 0x00, 0x00, 0x0d, 0x00,
  0x83, 0x00, 0x78, 0x00, 0x1c, 0x23, 0x80, 0x01, 0x33, 0x25, 0x23, 0x01,
  0x9f, 0x34, 0x08, 0x00, 0x00, 0x00, 0x00, 0x00, 0x00, 0xe8, 0x08, 0x00,
  0x00, 0x00, 0x00, 0x00, 0x00, 0x0c, 0x00, 0x83, 0x00, 0x78, 0x00, 0x1c,
  0x23, 0x78, 0x33, 0x25, 0x23, 0x01, 0x9f, 0x00, 0x00, 0x00, 0x00, 0x00,
  0x00, 0x00, 0x00, 0x00, 0x00, 0x00, 0x00, 0x00, 0x00, 0x00, 0x00, 0x58,
  0x07, 0x00, 0x00, 0x00, 0x00, 0x00, 0x00, 0x63, 0x07, 0x00, 0x00, 0x00,
  0x00, 0x00, 0x00, 0x01, 0x00, 0x5a, 0xcc, 0x09, 0x00, 0x00, 0x00, 0x00,
  0x00, 0x00, 0xd3, 0x09, 0x00, 0x00, 0x00, 0x00, 0x00, 0x00, 0x01, 0x00,
  0x5a, 0x00, 0x00, 0x00, 0x00, 0x00, 0x00, 0x00, 0x00, 0x00, 0x00, 0x00,
  0x00, 0x00, 0x00, 0x00, 0x00, 0x98, 0x06, 0x00, 0x00, 0x00, 0x00, 0x00,
  0x00, 0x9c, 0x06, 0x00, 0x00, 0x00, 0x00, 0x00, 0x00, 0x02, 0x00, 0x72,
  0x00, 0x9c, 0x06, 0x00, 0x00, 0x00, 0x00, 0x00, 0x00, 0xa8, 0x06, 0x00,
  0x00, 0x00, 0x00, 0x00, 0x00, 0x03, 0x00, 0x72, 0xe0, 0x00, 0xa8, 0x06,
  0x00, 0x00, 0x00, 0x00, 0x00, 0x00, 0xe4, 0x06, 0x00, 0x00, 0x00, 0x00,
  0x00, 0x00, 0x03, 0x00, 0x78, 0xc0, 0x00, 0xe4, 0x06, 0x00, 0x00, 0x00,
  0x00, 0x00, 0x00, 0xe8, 0x06, 0x00, 0x00, 0x00, 0x00, 0x00, 0x00, 0x03,
  0x00, 0x72, 0xe0, 0x00, 0xe8, 0x06, 0x00, 0x00, 0x00, 0x00, 0x00, 0x00,
  0xec, 0x06, 0x00, 0x00, 0x00, 0x00, 0x00, 0x00, 0x02, 0x00, 0x72, 0x00,
  0x00, 0x00, 0x00, 0x00, 0x00, 0x00, 0x00, 0x00, 0x00, 0x00, 0x00, 0x00,
  0x00, 0x00, 0x00, 0x00, 0x98, 0x06, 0x00, 0x00, 0x00, 0x00, 0x00, 0x00,
  0xd4, 0x06, 0x00, 0x00, 0x00, 0x00, 0x00, 0x00, 0x01, 0x00, 0x5a, 0xd4,
  0x06, 0x00, 0x00, 0x00, 0x00, 0x00, 0x00, 0xdb, 0x06, 0x00, 0x00, 0x00,
  0x00, 0x00, 0x00, 0x01, 0x00, 0x5b, 0xdb, 0x06, 0x00, 0x00, 0x00, 0x00,
  0x00, 0x00, 0xec, 0x06, 0x00, 0x00, 0x00, 0x00, 0x00, 0x00, 0x04, 0x00,
  0xf3, 0x01, 0x5a, 0x9f, 0x00, 0x00, 0x00, 0x00, 0x00, 0x00, 0x00, 0x00,
  0x00, 0x00, 0x00, 0x00, 0x00, 0x00, 0x00, 0x00, 0x18, 0x04, 0x00, 0x00,
  0x00, 0x00, 0x00, 0x00, 0x1c, 0x04, 0x00, 0x00, 0x00, 0x00, 0x00, 0x00,
  0x02, 0x00, 0x72, 0x00, 0x1c, 0x04, 0x00, 0x00, 0x00, 0x00, 0x00, 0x00,
  0x2c, 0x04, 0x00, 0x00, 0x00, 0x00, 0x00, 0x00, 0x03, 0x00, 0x72, 0xd0,
  0x00, 0x2c, 0x04, 0x00, 0x00, 0x00, 0x00, 0x00, 0x00, 0x8c, 0x06, 0x00,
  0x00, 0x00, 0x00, 0x00, 0x00, 0x02, 0x00, 0x78, 0x00, 0x8c, 0x06, 0x00,
  0x00, 0x00, 0x00, 0x00, 0x00, 0x94, 0x06, 0x00, 0x00, 0x00, 0x00, 0x00,
  0x00, 0x03, 0x00, 0x72, 0xd0, 0x00, 0x94, 0x06, 0x00, 0x00, 0x00, 0x00,
  0x00, 0x00, 0x98, 0x06, 0x00, 0x00, 0x00, 0x00, 0x00, 0x00, 0x02, 0x00,
  0x72, 0x00, 0x00, 0x00, 0x00, 0x00, 0x00, 0x00, 0x00, 0x00, 0x00, 0x00,
  0x00, 0x00, 0x00, 0x00, 0x00, 0x00, 0x18, 0x04, 0x00, 0x00, 0x00, 0x00,
  0x00, 0x00, 0x68, 0x04, 0x00, 0x00, 0x00, 0x00, 0x00, 0x00, 0x01, 0x00,
  0x5a, 0x68, 0x04, 0x00, 0x00, 0x00, 0x00, 0x00, 0x00, 0x7c, 0x06, 0x00,
  0x00, 0x00, 0x00, 0x00, 0x00, 0x01, 0x00, 0x65, 0x7c, 0x06, 0x00, 0x00,
  0x00, 0x00, 0x00, 0x00, 0x98, 0x06, 0x00, 0x00, 0x00, 0x00, 0x00, 0x00,
  0x04, 0x00, 0xf3, 0x01, 0x5a, 0x9f, 0x00, 0x00, 0x00, 0x00, 0x00, 0x00,
  0x00, 0x00, 0x00, 0x00, 0x00, 0x00, 0x00, 0x00, 0x00, 0x00, 0x18, 0x04,
  0x00, 0x00, 0x00, 0x00, 0x00, 0x00, 0x68, 0x04, 0x00, 0x00, 0x00, 0x00,
  0x00, 0x00, 0x01, 0x00, 0x5b, 0x68, 0x04, 0x00, 0x00, 0x00, 0x00, 0x00,
  0x00, 0x98, 0x06, 0x00, 0x00, 0x00, 0x00, 0x00, 0x00, 0x04, 0x00, 0xf3,
  0x01, 0x5b, 0x9f, 0x00, 0x00, 0x00, 0x00, 0x00, 0x00, 0x00, 0x00, 0x00,
  0x00, 0x00, 0x00, 0x00, 0x00, 0x00, 0x00, 0x18, 0x04, 0x00, 0x00, 0x00,
  0x00, 0x00, 0x00, 0x68, 0x04, 0x00, 0x00, 0x00, 0x00, 0x00, 0x00, 0x01,
  0x00, 0x5c, 0x68, 0x04, 0x00, 0x00, 0x00, 0x00, 0x00, 0x00, 0xd8, 0x04,
  0x00, 0x00, 0x00, 0x00, 0x00, 0x00, 0x01, 0x00, 0x67, 0xd8, 0x04, 0x00,
  0x00, 0x00, 0x00, 0x00, 0x00, 0xfc, 0x04, 0x00, 0x00, 0x00, 0x00, 0x00,
  0x00, 0x01, 0x00, 0x62, 0xfc, 0x04, 0x00, 0x00, 0x00, 0x00, 0x00, 0x00,
  0x00, 0x05, 0x00, 0x00, 0x00, 0x00, 0x00, 0x00, 0x01, 0x00, 0x67, 0x00,
  0x05, 0x00, 0x00, 0x00, 0x00, 0x00, 0x00, 0x24, 0x05, 0x00, 0x00, 0x00,
  0x00, 0x00, 0x00, 0x01, 0x00, 0x62, 0x24, 0x05, 0x00, 0x00, 0x00, 0x00,
  0x00, 0x00, 0x28, 0x05, 0x00, 0x00, 0x00, 0x00, 0x00, 0x00, 0x01, 0x00,
  0x67, 0x28, 0x05, 0x00, 0x00, 0x00, 0x00, 0x00, 0x00, 0x4c, 0x05, 0x00,
  0x00, 0x00, 0x00, 0x00, 0x00, 0x01, 0x00, 0x62, 0x4c, 0x05, 0x00, 0x00,
  0x00, 0x00, 0x00, 0x00, 0x54, 0x05, 0x00, 0x00, 0x00, 0x00, 0x00, 0x00,
  0x01, 0x00, 0x67, 0x54, 0x05, 0x00, 0x00, 0x00, 0x00, 0x00, 0x00, 0xb4,
  0x05, 0x00, 0x00, 0x00, 0x00, 0x00, 0x00, 0x01, 0x00, 0x68, 0xb4, 0x05,
  0x00, 0x00, 0x00, 0x00, 0x00, 0x00, 0xbc, 0x05, 0x00, 0x00, 0x00, 0x00,
  0x00, 0x00, 0x01, 0x00, 0x67, 0xbc, 0x05, 0x00, 0x00, 0x00, 0x00, 0x00,
  0x00, 0xec, 0x05, 0x00, 0x00, 0x00, 0x00, 0x00, 0x00, 0x01, 0x00, 0x63,
  0xec, 0x05, 0x00, 0x00, 0x00, 0x00, 0x00, 0x00, 0xf0, 0x05, 0x00, 0x00,
  0x00, 0x00, 0x00, 0x00, 0x01, 0x00, 0x67, 0xf0, 0x05, 0x00, 0x00, 0x00,
  0x00, 0x00, 0x00, 0x00, 0x06, 0x00, 0x00, 0x00, 0x00, 0x00, 0x00, 0x01,
  0x00, 0x63, 0x00, 0x06, 0x00, 0x00, 0x00, 0x00, 0x00, 0x00, 0x04, 0x06,
  0x00, 0x00, 0x00, 0x00, 0x00, 0x00, 0x01, 0x00, 0x67, 0x04, 0x06, 0x00,
  0x00, 0x00, 0x00, 0x00, 0x00, 0x20, 0x06, 0x00, 0x00, 0x00, 0x00, 0x00,
  0x00, 0x01, 0x00, 0x62, 0x20, 0x06, 0x00, 0x00, 0x00, 0x00, 0x00, 0x00,
  0x60, 0x06, 0x00, 0x00, 0x00, 0x00, 0x00, 0x00, 0x01, 0x00, 0x67, 0x60,
  0x06, 0x00, 0x00, 0x00, 0x00, 0x00, 0x00, 0x68, 0x06, 0x00, 0x00, 0x00,
  0x00, 0x00, 0x00, 0x01, 0x00, 0x63, 0x68, 0x06, 0x00, 0x00, 0x00, 0x00,
  0x00, 0x00, 0x84, 0x06, 0x00, 0x00, 0x00, 0x00, 0x00, 0x00, 0x01, 0x00,
  0x67, 0x00, 0x00, 0x00, 0x00, 0x00, 0x00, 0x00, 0x00, 0x00, 0x00, 0x00,
  0x00, 0x00, 0x00, 0x00, 0x00, 0xc4, 0x05, 0x00, 0x00, 0x00, 0x00, 0x00,
  0x00, 0xf0, 0x05, 0x00, 0x00, 0x00, 0x00, 0x00, 0x00, 0x01, 0x00, 0x62,
  0x60, 0x06, 0x00, 0x00, 0x00, 0x00, 0x00, 0x00, 0x6c, 0x06, 0x00, 0x00,
  0x00, 0x00, 0x00, 0x00, 0x01, 0x00, 0x62, 0x00, 0x00, 0x00, 0x00, 0x00,
  0x00, 0x00, 0x00, 0x00, 0x00, 0x00, 0x00, 0x00, 0x00, 0x00, 0x00, 0x68,
  0x04, 0x00, 0x00, 0x00, 0x00, 0x00, 0x00, 0x80, 0x04, 0x00, 0x00, 0x00,
  0x00, 0x00, 0x00, 0x06, 0x00, 0x82, 0x00, 0x08, 0xff, 0x1a, 0x9f, 0x8c,
  0x04, 0x00, 0x00, 0x00, 0x00, 0x00, 0x00, 0xd8, 0x04, 0x00, 0x00, 0x00,
  0x00, 0x00, 0x00, 0x06, 0x00, 0x82, 0x00, 0x08, 0xff, 0x1a, 0x9f, 0xfc,
  0x04, 0x00, 0x00, 0x00, 0x00, 0x00, 0x00, 0x00, 0x05, 0x00, 0x00, 0x00,
  0x00, 0x00, 0x00, 0x06, 0x00, 0x82, 0x00, 0x08, 0xff, 0x1a, 0x9f, 0x24,
  0x05, 0x00, 0x00, 0x00, 0x00, 0x00, 0x00, 0x28, 0x05, 0x00, 0x00, 0x00,
  0x00, 0x00, 0x00, 0x06, 0x00, 0x82, 0x00, 0x08, 0xff, 0x1a, 0x9f, 0x4c,
  0x05, 0x00, 0x00, 0x00, 0x00, 0x00, 0x00, 0x7c, 0x05, 0x00, 0x00, 0x00,
  0x00, 0x00, 0x00, 0x06, 0x00, 0x82, 0x00, 0x08, 0xff, 0x1a, 0x9f, 0xb8,
  0x05, 0x00, 0x00, 0x00, 0x00, 0x00, 0x00, 0xc0, 0x05, 0x00, 0x00, 0x00,
  0x00, 0x00, 0x00, 0x06, 0x00, 0x82, 0x00, 0x08, 0xff, 0x1a, 0x9f, 0x00,
  0x06, 0x00, 0x00, 0x00, 0x00, 0x00, 0x00, 0x04, 0x06, 0x00, 0x00, 0x00,
  0x00, 0x00, 0x00, 0x06, 0x00, 0x82, 0x00, 0x08, 0xff, 0x1a, 0x9f, 0x20,
  0x06, 0x00, 0x00, 0x00, 0x00, 0x00, 0x00, 0x60, 0x06, 0x00, 0x00, 0x00,
  0x00, 0x00, 0x00, 0x06, 0x00, 0x82, 0x00, 0x08, 0xff, 0x1a, 0x9f, 0x00,
  0x00, 0x00, 0x00, 0x00, 0x00, 0x00, 0x00, 0x00, 0x00, 0x00, 0x00, 0x00,
  0x00, 0x00, 0x00, 0x2c, 0x04, 0x00, 0x00, 0x00, 0x00, 0x00, 0x00, 0x68,
  0x04, 0x00, 0x00, 0x00, 0x00, 0x00, 0x00, 0x02, 0x00, 0x30, 0x9f, 0x68,
  0x04, 0x00, 0x00, 0x00, 0x00, 0x00, 0x00, 0x80, 0x04, 0x00, 0x00, 0x00,
  0x00, 0x00, 0x00, 0x09, 0x00, 0x79, 0x00, 0xf3, 0x01, 0x5b, 0x23, 0x01,
  0x1c, 0x9f, 0x80, 0x04, 0x00, 0x00, 0x00, 0x00, 0x00, 0x00, 0x84, 0x04,
  0x00, 0x00, 0x00, 0x00, 0x00, 0x00, 0x0b, 0x00, 0x79, 0x00, 0xf3, 0x01,
  0x5b, 0x23, 0x01, 0x1c, 0x23, 0x01, 0x9f, 0x84, 0x04, 0x00, 0x00, 0x00,
  0x00, 0x00, 0x00, 0x8c, 0x04, 0x00, 0x00, 0x00, 0x00, 0x00, 0x00, 0x0b,
  0x00, 0x79, 0x7f, 0xf3, 0x01, 0x5b, 0x23, 0x01, 0x1c, 0x23, 0x01, 0x9f,
  0x8c, 0x04, 0x00, 0x00, 0x00, 0x00, 0x00, 0x00, 0x6c, 0x06, 0x00, 0x00,
  0x00, 0x00, 0x00, 0x00, 0x09, 0x00, 0x79, 0x00, 0xf3, 0x01, 0x5b, 0x23,
  0x01, 0x1c, 0x9f, 0x6c, 0x06, 0x00, 0x00, 0x00, 0x00, 0x00, 0x00, 0x70,
  0x06, 0x00, 0x00, 0x00, 0x00, 0x00, 0x00, 0x0b, 0x00, 0x79, 0x7f, 0xf3,
  0x01, 0x5b, 0x23, 0x01, 0x1c, 0x23, 0x01, 0x9f, 0x00, 0x00, 0x00, 0x00,
  0x00, 0x00, 0x00, 0x00, 0x00, 0x00, 0x00, 0x00, 0x00, 0x00, 0x00, 0x00,
  0x2c, 0x04, 0x00, 0x00, 0x00, 0x00, 0x00, 0x00, 0x7c, 0x04, 0x00, 0x00,
  0x00, 0x00, 0x00, 0x00, 0x02, 0x00, 0x30, 0x9f, 0x7c, 0x04, 0x00, 0x00,
  0x00, 0x00, 0x00, 0x00, 0x90, 0x04, 0x00, 0x00, 0x00, 0x00, 0x00, 0x00,
  0x01, 0x00, 0x63, 0x90, 0x04, 0x00, 0x00, 0x00, 0x00, 0x00, 0x00, 0x9c,
  0x04, 0x00, 0x00, 0x00, 0x00, 0x00, 0x00, 0x02, 0x00, 0x30, 0x9f, 0x9c,
  0x04, 0x00, 0x00, 0x00, 0x00, 0x00, 0x00, 0xf8, 0x04, 0x00, 0x00, 0x00,
  0x00, 0x00, 0x00, 0x01, 0x00, 0x63, 0xfc, 0x04, 0x00, 0x00, 0x00, 0x00,
  0x00, 0x00, 0x20, 0x05, 0x00, 0x00, 0x00, 0x00, 0x00, 0x00, 0x01, 0x00,
  0x63, 0x24, 0x05, 0x00, 0x00, 0x00, 0x00, 0x00, 0x00, 0x48, 0x05, 0x00,
  0x00, 0x00, 0x00, 0x00, 0x00, 0x01, 0x00, 0x63, 0x4c, 0x05, 0x00, 0x00,
  0x00, 0x00, 0x00, 0x00, 0x58, 0x05, 0x00, 0x00, 0x00, 0x00, 0x00, 0x00,
  0x01, 0x00, 0x63, 0xb8, 0x05, 0x00, 0x00, 0x00, 0x00, 0x00, 0x00, 0xbc,
  0x05, 0x00, 0x00, 0x00, 0x00, 0x00, 0x00, 0x01, 0x00, 0x63, 0x00, 0x06,
  0x00, 0x00, 0x00, 0x00, 0x00, 0x00, 0x1c, 0x06, 0x00, 0x00, 0x00, 0x00,
  0x00, 0x00, 0x01, 0x00, 0x63, 0x20, 0x06, 0x00, 0x00, 0x00, 0x00, 0x00,
  0x00, 0x34, 0x06, 0x00, 0x00, 0x00, 0x00, 0x00, 0x00, 0x01, 0x00, 0x63,
  0x38, 0x06, 0x00, 0x00, 0x00, 0x00, 0x00, 0x00, 0x5c, 0x06, 0x00, 0x00,
  0x00, 0x00, 0x00, 0x00, 0x01, 0x00, 0x63, 0x6c, 0x06, 0x00, 0x00, 0x00,
  0x00, 0x00, 0x00, 0x74, 0x06, 0x00, 0x00, 0x00, 0x00, 0x00, 0x00, 0x01,
  0x00, 0x63, 0x00, 0x00, 0x00, 0x00, 0x00, 0x00, 0x00, 0x00, 0x00, 0x00,
  0x00, 0x00, 0x00, 0x00, 0x00, 0x00, 0x58, 0x05, 0x00, 0x00, 0x00, 0x00,
  0x00, 0x00, 0xb8, 0x05, 0x00, 0x00, 0x00, 0x00, 0x00, 0x00, 0x01, 0x00,
  0x65, 0x00, 0x00, 0x00, 0x00, 0x00, 0x00, 0x00, 0x00, 0x00, 0x00, 0x00,
  0x00, 0x00, 0x00, 0x00, 0x00, 0x78, 0x05, 0x00, 0x00, 0x00, 0x00, 0x00,
  0x00, 0xb0, 0x05, 0x00, 0x00, 0x00, 0x00, 0x00, 0x00, 0x01, 0x00, 0x63,
  0x00, 0x00, 0x00, 0x00, 0x00, 0x00, 0x00, 0x00, 0x00, 0x00, 0x00, 0x00,
  0x00, 0x00, 0x00, 0x00, 0x78, 0x05, 0x00, 0x00, 0x00, 0x00, 0x00, 0x00,
  0x84, 0x05, 0x00, 0x00, 0x00, 0x00, 0x00, 0x00, 0x02, 0x00, 0x30, 0x9f,
  0x84, 0x05, 0x00, 0x00, 0x00, 0x00, 0x00, 0x00, 0x9c, 0x05, 0x00, 0x00,
  0x00, 0x00, 0x00, 0x00, 0x05, 0x00, 0x40, 0x82, 0x00, 0x1c, 0x9f, 0x9c,
  0x05, 0x00, 0x00, 0x00, 0x00, 0x00, 0x00, 0xa4, 0x05, 0x00, 0x00, 0x00,
  0x00, 0x00, 0x00, 0x05, 0x00, 0x41, 0x82, 0x00, 0x1c, 0x9f, 0x00, 0x00,
  0x00, 0x00, 0x00, 0x00, 0x00, 0x00, 0x00, 0x00, 0x00, 0x00, 0x00, 0x00,
  0x00, 0x00, 0x34, 0x00, 0x00, 0x00, 0x00, 0x00, 0x00, 0x00, 0x38, 0x00,
  0x00, 0x00, 0x00, 0x00, 0x00, 0x00, 0x02, 0x00, 0x72, 0x00, 0x38, 0x00,
  0x00, 0x00, 0x00, 0x00, 0x00, 0x00, 0x50, 0x00, 0x00, 0x00, 0x00, 0x00,
  0x00, 0x00, 0x03, 0x00, 0x72, 0xc0, 0x00, 0x50, 0x00, 0x00, 0x00, 0x00,
  0x00, 0x00, 0x00, 0xec, 0x00, 0x00, 0x00, 0x00, 0x00, 0x00, 0x00, 0x02,
  0x00, 0x78, 0x00, 0xec, 0x00, 0x00, 0x00, 0x00, 0x00, 0x00, 0x00, 0xfc,
  0x00, 0x00, 0x00, 0x00, 0x00, 0x00, 0x00, 0x03, 0x00, 0x72, 0xc0, 0x00,
  0xfc, 0x00, 0x00, 0x00, 0x00, 0x00, 0x00, 0x00, 0x00, 0x01, 0x00, 0x00,
  0x00, 0x00, 0x00, 0x00, 0x02, 0x00, 0x72, 0x00, 0x00, 0x01, 0x00, 0x00,
  0x00, 0x00, 0x00, 0x00, 0x0c, 0x01, 0x00, 0x00, 0x00, 0x00, 0x00, 0x00,
  0x02, 0x00, 0x78, 0x00, 0x00, 0x00, 0x00, 0x00, 0x00, 0x00, 0x00, 0x00,
  0x00, 0x00, 0x00, 0x00, 0x00, 0x00, 0x00, 0x00, 0x34, 0x00, 0x00, 0x00,
  0x00, 0x00, 0x00, 0x00, 0x74, 0x00, 0x00, 0x00, 0x00, 0x00, 0x00, 0x00,
  0x01, 0x00, 0x5a, 0x74, 0x00, 0x00, 0x00, 0x00, 0x00, 0x00, 0x00, 0xf4,
  0x00, 0x00, 0x00, 0x00, 0x00, 0x00, 0x00, 0x01, 0x00, 0x62, 0xf4, 0x00,
  0x00, 0x00, 0x00, 0x00, 0x00, 0x00, 0x00, 0x01, 0x00, 0x00, 0x00, 0x00,
  0x00, 0x00, 0x04, 0x00, 0xf3, 0x01, 0x5a, 0x9f, 0x00, 0x01, 0x00, 0x00,
  0x00, 0x00, 0x00, 0x00, 0x0c, 0x01, 0x00, 0x00, 0x00, 0x00, 0x00, 0x00,
  0x01, 0x00, 0x5a, 0x00, 0x00, 0x00, 0x00, 0x00, 0x00, 0x00, 0x00, 0x00,
  0x00, 0x00, 0x00, 0x00, 0x00, 0x00, 0x00, 0x34, 0x00, 0x00, 0x00, 0x00,
  0x00, 0x00, 0x00, 0x60, 0x00, 0x00, 0x00, 0x00, 0x00, 0x00, 0x00, 0x01,
  0x00, 0x5b, 0x60, 0x00, 0x00, 0x00, 0x00, 0x00, 0x00, 0x00, 0x00, 0x01,
  0x00, 0x00, 0x00, 0x00, 0x00, 0x00, 0x04, 0x00, 0xf3, 0x01, 0x5b, 0x9f,
  0x00, 0x01, 0x00, 0x00, 0x00, 0x00, 0x00, 0x00, 0x04, 0x01, 0x00, 0x00,
  0x00, 0x00, 0x00, 0x00, 0x01, 0x00, 0x5b, 0x04, 0x01, 0x00, 0x00, 0x00,
  0x00, 0x00, 0x00, 0x0c, 0x01, 0x00, 0x00, 0x00, 0x00, 0x00, 0x00, 0x04,
  0x00, 0xf3, 0x01, 0x5b, 0x9f, 0x00, 0x00, 0x00, 0x00, 0x00, 0x00, 0x00,
  0x00, 0x00, 0x00, 0x00, 0x00, 0x00, 0x00, 0x00, 0x00, 0x34, 0x00, 0x00,
  0x00, 0x00, 0x00, 0x00, 0x00, 0xc8, 0x00, 0x00, 0x00, 0x00, 0x00, 0x00,
  0x00, 0x01, 0x00, 0x5c, 0xc8, 0x00, 0x00, 0x00, 0x00, 0x00, 0x00, 0x00,
  0x00, 0x01, 0x00, 0x00, 0x00, 0x00, 0x00, 0x00, 0x04, 0x00, 0xf3, 0x01,
  0x5c, 0x9f, 0x00, 0x01, 0x00, 0x00, 0x00, 0x00, 0x00, 0x00, 0x0c, 0x01,
  0x00, 0x00, 0x00, 0x00, 0x00, 0x00, 0x01, 0x00, 0x5c, 0x00, 0x00, 0x00,
  0x00, 0x00, 0x00, 0x00, 0x00, 0x00, 0x00, 0x00, 0x00, 0x00, 0x00, 0x00,
  0x00, 0x34, 0x00, 0x00, 0x00, 0x00, 0x00, 0x00, 0x00, 0x68, 0x00, 0x00,
  0x00, 0x00, 0x00, 0x00, 0x00, 0x01, 0x00, 0x5d, 0x68, 0x00, 0x00, 0x00,
  0x00, 0x00, 0x00, 0x00, 0x00, 0x01, 0x00, 0x00, 0x00, 0x00, 0x00, 0x00,
  0x04, 0x00, 0xf3, 0x01, 0x5d, 0x9f, 0x00, 0x01, 0x00, 0x00, 0x00, 0x00,
  0x00, 0x00, 0x0c, 0x01, 0x00, 0x00, 0x00, 0x00, 0x00, 0x00, 0x01, 0x00,
  0x5d, 0x00, 0x00, 0x00, 0x00, 0x00, 0x00, 0x00, 0x00, 0x00, 0x00, 0x00,
  0x00, 0x00, 0x00, 0x00, 0x00, 0x60, 0x00, 0x00, 0x00, 0x00, 0x00, 0x00,
  0x00, 0x74, 0x00, 0x00, 0x00, 0x00, 0x00, 0x00, 0x00, 0x02, 0x00, 0x30,
  0x9f, 0x74, 0x00, 0x00, 0x00, 0x00, 0x00, 0x00, 0x00, 0x80, 0x00, 0x00,
  0x00, 0x00, 0x00, 0x00, 0x00, 0x01, 0x00, 0x5f, 0x80, 0x00, 0x00, 0x00,
  0x00, 0x00, 0x00, 0x00, 0xac, 0x00, 0x00, 0x00, 0x00, 0x00, 0x00, 0x00,
  0x01, 0x00, 0x5a, 0xac, 0x00, 0x00, 0x00, 0x00, 0x00, 0x00, 0x00, 0xc0,
  0x00, 0x00, 0x00, 0x00, 0x00, 0x00, 0x00, 0x03, 0x00, 0x81, 0x02, 0x9f,
  0xc0, 0x00, 0x00, 0x00, 0x00, 0x00, 0x00, 0x00, 0xc4, 0x00, 0x00, 0x00,
  0x00, 0x00, 0x00, 0x00, 0x01, 0x00, 0x5f, 0xc4, 0x00, 0x00, 0x00, 0x00,
  0x00, 0x00, 0x00, 0xf8, 0x00, 0x00, 0x00, 0x00, 0x00, 0x00, 0x00, 0x01,
  0x00, 0x63, 0x00, 0x00, 0x00, 0x00, 0x00, 0x00, 0x00, 0x00, 0x00, 0x00,
  0x00, 0x00, 0x00, 0x00, 0x00, 0x00, 0x54, 0x00, 0x00, 0x00, 0x00, 0x00,
  0x00, 0x00, 0x60, 0x00, 0x00, 0x00, 0x00, 0x00, 0x00, 0x00, 0x02, 0x00,
  0x30, 0x9f, 0x60, 0x00, 0x00, 0x00, 0x00, 0x00, 0x00, 0x00, 0xc8, 0x00,
  0x00, 0x00, 0x00, 0x00, 0x00, 0x00, 0x01, 0x00, 0x6c, 0x00, 0x01, 0x00,
  0x00, 0x00, 0x00, 0x00, 0x00, 0x0c, 0x01, 0x00, 0x00, 0x00, 0x00, 0x00,
  0x00, 0x02, 0x00, 0x31, 0x9f, 0x00, 0x00, 0x00, 0x00, 0x00, 0x00, 0x00,
  0x00, 0x00, 0x00, 0x00, 0x00, 0x00, 0x00, 0x00, 0x00, 0x5c, 0x00, 0x00,
  0x00, 0x00, 0x00, 0x00, 0x00, 0x60, 0x00, 0x00, 0x00, 0x00, 0x00, 0x00,
  0x00, 0x04, 0x00, 0xf3, 0x01, 0x5b, 0x9f, 0x60, 0x00, 0x00, 0x00, 0x00,
  0x00, 0x00, 0x00, 0xc8, 0x00, 0x00, 0x00, 0x00, 0x00, 0x00, 0x00, 0x01,
  0x00, 0x5b, 0x04, 0x01, 0x00, 0x00, 0x00, 0x00, 0x00, 0x00, 0x0c, 0x01,
  0x00, 0x00, 0x00, 0x00, 0x00, 0x00, 0x01, 0x00, 0x5b, 0x00, 0x00, 0x00,
  0x00, 0x00, 0x00, 0x00, 0x00, 0x00, 0x00, 0x00, 0x00, 0x00, 0x00, 0x00,
  0x00, 0x00, 0x00, 0x00, 0x00, 0x00, 0x00, 0x00, 0x00, 0x04, 0x00, 0x00,
  0x00, 0x00, 0x00, 0x00, 0x00, 0x02, 0x00, 0x72, 0x00, 0x04, 0x00, 0x00,
  0x00, 0x00, 0x00, 0x00, 0x00, 0x10, 0x00, 0x00, 0x00, 0x00, 0x00, 0x00,
  0x00, 0x02, 0x00, 0x72, 0x20, 0x10, 0x00, 0x00, 0x00, 0x00, 0x00, 0x00,
  0x00, 0x2c, 0x00, 0x00, 0x00, 0x00, 0x00, 0x00, 0x00, 0x02, 0x00, 0x78,
  0x00, 0x2c, 0x00, 0x00, 0x00, 0x00, 0x00, 0x00, 0x00, 0x30, 0x00, 0x00,
  0x00, 0x00, 0x00, 0x00, 0x00, 0x02, 0x00, 0x72, 0x20, 0x30, 0x00, 0x00,
  0x00, 0x00, 0x00, 0x00, 0x00, 0x34, 0x00, 0x00, 0x00, 0x00, 0x00, 0x00,
  0x00, 0x02, 0x00, 0x72, 0x00, 0x00, 0x00, 0x00, 0x00, 0x00, 0x00, 0x00,
  0x00, 0x00, 0x00, 0x00, 0x00, 0x00, 0x00, 0x00, 0x00, 0x00, 0x00, 0x00,
  0x00, 0x00, 0x00, 0x00, 0x00, 0x23, 0x00, 0x00, 0x00, 0x00, 0x00, 0x00,
  0x00, 0x01, 0x00, 0x5a, 0x23, 0x00, 0x00, 0x00, 0x00, 0x00, 0x00, 0x00,
  0x34, 0x00, 0x00, 0x00, 0x00, 0x00, 0x00, 0x00, 0x04, 0x00, 0xf3, 0x01,
  0x5a, 0x9f, 0x00, 0x00, 0x00, 0x00, 0x00, 0x00, 0x00, 0x00, 0x00, 0x00,
  0x00, 0x00, 0x00, 0x00, 0x00, 0x00, 0x00, 0x00, 0x00, 0x00, 0x00, 0x00,
  0x00, 0x00, 0x1c, 0x00, 0x00, 0x00, 0x00, 0x00, 0x00, 0x00, 0x01, 0x00,
  0x5b, 0x1c, 0x00, 0x00, 0x00, 0x00, 0x00, 0x00, 0x00, 0x23, 0x00, 0x00,
  0x00, 0x00, 0x00, 0x00, 0x00, 0x02, 0x00, 0x7b, 0x00, 0x00, 0x00, 0x00,
  0x00, 0x00, 0x00, 0x00, 0x00, 0x00, 0x00, 0x00, 0x00, 0x00, 0x00, 0x00,
  0x00, 0xc0, 0x02, 0x00, 0x00, 0x00, 0x00, 0x00, 0x00, 0xc4, 0x02, 0x00,
  0x00, 0x00, 0x00, 0x00, 0x00, 0x02, 0x00, 0x72, 0x00, 0xc4, 0x02, 0x00,
  0x00, 0x00, 0x00, 0x00, 0x00, 0xd8, 0x02, 0x00, 0x00, 0x00, 0x00, 0x00,
  0x00, 0x03, 0x00, 0x72, 0xd0, 0x00, 0xd8, 0x02, 0x00, 0x00, 0x00, 0x00,
  0x00, 0x00, 0xf0, 0x03, 0x00, 0x00, 0x00, 0x00, 0x00, 0x00, 0x02, 0x00,
  0x78, 0x00, 0xf0, 0x03, 0x00, 0x00, 0x00, 0x00, 0x00, 0x00, 0xfc, 0x03,
  0x00, 0x00, 0x00, 0x00, 0x00, 0x00, 0x03, 0x00, 0x72, 0xd0, 0x00, 0xfc,
  0x03, 0x00, 0x00, 0x00, 0x00, 0x00, 0x00, 0x00, 0x04, 0x00, 0x00, 0x00,
  0x00, 0x00, 0x00, 0x02, 0x00, 0x72, 0x00, 0x00, 0x04, 0x00, 0x00, 0x00,
  0x00, 0x00, 0x00, 0x18, 0x04, 0x00, 0x00, 0x00, 0x00, 0x00, 0x00, 0x02,
  0x00, 0x78, 0x00, 0x00, 0x00, 0x00, 0x00, 0x00, 0x00, 0x00, 0x00, 0x00,
  0x00, 0x00, 0x00, 0x00, 0x00, 0x00, 0x00, 0xc0, 0x02, 0x00, 0x00, 0x00,
  0x00, 0x00, 0x00, 0xf8, 0x02, 0x00, 0x00, 0x00, 0x00, 0x00, 0x00, 0x01,
  0x00, 0x5a, 0xf8, 0x02, 0x00, 0x00, 0x00, 0x00, 0x00, 0x00, 0x18, 0x04,
  0x00, 0x00, 0x00, 0x00, 0x00, 0x00, 0x04, 0x00, 0xf3, 0x01, 0x5a, 0x9f,
  0x00, 0x00, 0x00, 0x00, 0x00, 0x00, 0x00, 0x00, 0x00, 0x00, 0x00, 0x00,
  0x00, 0x00, 0x00, 0x00, 0x00, 0x03, 0x00, 0x00, 0x00, 0x00, 0x00, 0x00,
  0x1c, 0x03, 0x00, 0x00, 0x00, 0x00, 0x00, 0x00, 0x01, 0x00, 0x5f, 0x64,
  0x03, 0x00, 0x00, 0x00, 0x00, 0x00, 0x00, 0x68, 0x03, 0x00, 0x00, 0x00,
  0x00, 0x00, 0x00, 0x0a, 0x00, 0x03, 0x40, 0x12, 0x00, 0x00, 0x00, 0x00,
  0x00, 0x00, 0x9f, 0x68, 0x03, 0x00, 0x00, 0x00, 0x00, 0x00, 0x00, 0x7f,
  0x03, 0x00, 0x00, 0x00, 0x00, 0x00, 0x00, 0x01, 0x00, 0x5f, 0x80, 0x03,
  0x00, 0x00, 0x00, 0x00, 0x00, 0x00, 0x88, 0x03, 0x00, 0x00, 0x00, 0x00,
  0x00, 0x00, 0x01, 0x00, 0x5a, 0x88, 0x03, 0x00, 0x00, 0x00, 0x00, 0x00,
  0x00, 0xe8, 0x03, 0x00, 0x00, 0x00, 0x00, 0x00, 0x00, 0x01, 0x00, 0x5f,
  0x00, 0x04, 0x00, 0x00, 0x00, 0x00, 0x00, 0x00, 0x18, 0x04, 0x00, 0x00,
  0x00, 0x00, 0x00, 0x00, 0x01, 0x00, 0x5a, 0x00, 0x00, 0x00, 0x00, 0x00,
  0x00, 0x00, 0x00, 0x00, 0x00, 0x00, 0x00, 0x00, 0x00, 0x00, 0x00, 0xf8,
  0x02, 0x00, 0x00, 0x00, 0x00, 0x00, 0x00, 0x1c, 0x03, 0x00, 0x00, 0x00,
  0x00, 0x00, 0x00, 0x01, 0x00, 0x5a, 0x38, 0x03, 0x00, 0x00, 0x00, 0x00,
  0x00, 0x00, 0x4c, 0x03, 0x00, 0x00, 0x00, 0x00, 0x00, 0x00, 0x01, 0x00,
  0x5a, 0x4c, 0x03, 0x00, 0x00, 0x00, 0x00, 0x00, 0x00, 0x68, 0x03, 0x00,
  0x00, 0x00, 0x00, 0x00, 0x00, 0x0a, 0x00, 0x03, 0x40, 0x12, 0x00, 0x00,
  0x00, 0x00, 0x00, 0x00, 0x9f, 0x68, 0x03, 0x00, 0x00, 0x00, 0x00, 0x00,
  0x00, 0x74, 0x03, 0x00, 0x00, 0x00, 0x00, 0x00, 0x00, 0x01, 0x00, 0x5a,
  0x84, 0x03, 0x00, 0x00, 0x00, 0x00, 0x00, 0x00, 0x90, 0x03, 0x00, 0x00,
  0x00, 0x00, 0x00, 0x00, 0x01, 0x00, 0x5a, 0xac, 0x03, 0x00, 0x00, 0x00,
  0x00, 0x00, 0x00, 0xe8, 0x03, 0x00, 0x00, 0x00, 0x00, 0x00, 0x00, 0x01,
  0x00, 0x5a, 0x00, 0x00, 0x00, 0x00, 0x00, 0x00, 0x00, 0x00, 0x00, 0x00,
  0x00, 0x00, 0x00, 0x00, 0x00, 0x00, 0xf0, 0x02, 0x00, 0x00, 0x00, 0x00,
  0x00, 0x00, 0xa4, 0x03, 0x00, 0x00, 0x00, 0x00, 0x00, 0x00, 0x01, 0x00,
  0x63, 0xa4, 0x03, 0x00, 0x00, 0x00, 0x00, 0x00, 0x00, 0xa8, 0x03, 0x00,
  0x00, 0x00, 0x00, 0x00, 0x00, 0x01, 0x00, 0x5a, 0xa8, 0x03, 0x00, 0x00,
  0x00, 0x00, 0x00, 0x00, 0xf8, 0x03, 0x00, 0x00, 0x00, 0x00, 0x00, 0x00,
  0x01, 0x00, 0x63, 0xf8, 0x03, 0x00, 0x00, 0x00, 0x00, 0x00, 0x00, 0x00,
  0x04, 0x00, 0x00, 0x00, 0x00, 0x00, 0x00, 0x10, 0x00, 0xf3, 0x01, 0x5a,
  0x08, 0x20, 0x24, 0x08, 0x20, 0x25, 0x23, 0x0f, 0x34, 0x25, 0x23, 0x01,
  0x9f, 0x00, 0x04, 0x00, 0x00, 0x00, 0x00, 0x00, 0x00, 0x18, 0x04, 0x00,
  0x00, 0x00, 0x00, 0x00, 0x00, 0x01, 0x00, 0x63, 0x00, 0x00, 0x00, 0x00,
  0x00, 0x00, 0x00, 0x00, 0x00, 0x00, 0x00, 0x00, 0x00, 0x00, 0x00, 0x00,
  0x14, 0x02, 0x00, 0x00, 0x00, 0x00, 0x00, 0x00, 0x18, 0x02, 0x00, 0x00,
  0x00, 0x00, 0x00, 0x00, 0x02, 0x00, 0x72, 0x00, 0x18, 0x02, 0x00, 0x00,
  0x00, 0x00, 0x00, 0x00, 0x28, 0x02, 0x00, 0x00, 0x00, 0x00, 0x00, 0x00,
  0x02, 0x00, 0x72, 0x20, 0x28, 0x02, 0x00, 0x00, 0x00, 0x00, 0x00, 0x00,
  0x7c, 0x02, 0x00, 0x00, 0x00, 0x00, 0x00, 0x00, 0x02, 0x00, 0x78, 0x00,
  0x7c, 0x02, 0x00, 0x00, 0x00, 0x00, 0x00, 0x00, 0x84, 0x02, 0x00, 0x00,
  0x00, 0x00, 0x00, 0x00, 0x02, 0x00, 0x72, 0x20, 0x84, 0x02, 0x00, 0x00,
  0x00, 0x00, 0x00, 0x00, 0x88, 0x02, 0x00, 0x00, 0x00, 0x00, 0x00, 0x00,
  0x02, 0x00, 0x72, 0x00, 0x88, 0x02, 0x00, 0x00, 0x00, 0x00, 0x00, 0x00,
  0xc0, 0x02, 0x00, 0x00, 0x00, 0x00, 0x00, 0x00, 0x02, 0x00, 0x78, 0x00,
  0x00, 0x00, 0x00, 0x00, 0x00, 0x00, 0x00, 0x00, 0x00, 0x00, 0x00, 0x00,
  0x00, 0x00, 0x00, 0x00, 0x14, 0x02, 0x00, 0x00, 0x00, 0x00, 0x00, 0x00,
  0x34, 0x02, 0x00, 0x00, 0x00, 0x00, 0x00, 0x00, 0x01, 0x00, 0x5a, 0x34,
  0x02, 0x00, 0x00, 0x00, 0x00, 0x00, 0x00, 0x54, 0x02, 0x00, 0x00, 0x00,
  0x00, 0x00, 0x00, 0x01, 0x00, 0x59, 0x54, 0x02, 0x00, 0x00, 0x00, 0x00,
  0x00, 0x00, 0x88, 0x02, 0x00, 0x00, 0x00, 0x00, 0x00, 0x00, 0x04, 0x00,
  0xf3, 0x01, 0x5a, 0x9f, 0x88, 0x02, 0x00, 0x00, 0x00, 0x00, 0x00, 0x00,
  0x8c, 0x02, 0x00, 0x00, 0x00, 0x00, 0x00, 0x00, 0x01, 0x00, 0x5a, 0x8c,
  0x02, 0x00, 0x00, 0x00, 0x00, 0x00, 0x00, 0xb0, 0x02, 0x00, 0x00, 0x00,
  0x00, 0x00, 0x00, 0x01, 0x00, 0x59, 0xb0, 0x02, 0x00, 0x00, 0x00, 0x00,
  0x00, 0x00, 0xc0, 0x02, 0x00, 0x00, 0x00, 0x00, 0x00, 0x00, 0x04, 0x00,
  0xf3, 0x01, 0x5a, 0x9f, 0x00, 0x00, 0x00, 0x00, 0x00, 0x00, 0x00, 0x00,
  0x00, 0x00, 0x00, 0x00, 0x00, 0x00, 0x00, 0x00, 0x40, 0x02, 0x00, 0x00,
  0x00, 0x00, 0x00, 0x00, 0x48, 0x02, 0x00, 0x00, 0x00, 0x00, 0x00, 0x00,
  0x01, 0x00, 0x5a, 0x48, 0x02, 0x00, 0x00, 0x00, 0x00, 0x00, 0x00, 0x6b,
  0x02, 0x00, 0x00, 0x00, 0x00, 0x00, 0x00, 0x01, 0x00, 0x5f, 0x98, 0x02,
  0x00, 0x00, 0x00, 0x00, 0x00, 0x00, 0xa0, 0x02, 0x00, 0x00, 0x00, 0x00,
  0x00, 0x00, 0x01, 0x00, 0x5a, 0xa0, 0x02, 0x00, 0x00, 0x00, 0x00, 0x00,
  0x00, 0xb4, 0x02, 0x00, 0x00, 0x00, 0x00, 0x00, 0x00, 0x01, 0x00, 0x5e,
  0x00, 0x00, 0x00, 0x00, 0x00, 0x00, 0x00, 0x00, 0x00, 0x00, 0x00, 0x00,
  0x00, 0x00, 0x00, 0x00, 0x4c, 0x02, 0x00, 0x00, 0x00, 0x00, 0x00, 0x00,
  0x6b, 0x02, 0x00, 0x00, 0x00, 0x00, 0x00, 0x00, 0x01, 0x00, 0x5f, 0x00,
  0x00, 0x00, 0x00, 0x00, 0x00, 0x00, 0x00, 0x00, 0x00, 0x00, 0x00, 0x00,
  0x00, 0x00, 0x00, 0x0c, 0x01, 0x00, 0x00, 0x00, 0x00, 0x00, 0x00, 0x10,
  0x01, 0x00, 0x00, 0x00, 0x00, 0x00, 0x00, 0x02, 0x00, 0x72, 0x00, 0x10,
  0x01, 0x00, 0x00, 0x00, 0x00, 0x00, 0x00, 0x20, 0x01, 0x00, 0x00, 0x00,
  0x00, 0x00, 0x00, 0x02, 0x00, 0x72, 0x20, 0x20, 0x01, 0x00, 0x00, 0x00,
  0x00, 0x00, 0x00, 0x08, 0x02, 0x00, 0x00, 0x00, 0x00, 0x00, 0x00, 0x02,
  0x00, 0x78, 0x00, 0x08, 0x02, 0x00, 0x00, 0x00, 0x00, 0x00, 0x00, 0x10,
  0x02, 0x00, 0x00, 0x00, 0x00, 0x00, 0x00, 0x02, 0x00, 0x72, 0x20, 0x10,
  0x02, 0x00, 0x00, 0x00, 0x00, 0x00, 0x00, 0x14, 0x02, 0x00, 0x00, 0x00,
  0x00, 0x00, 0x00, 0x02, 0x00, 0x72, 0x00, 0x00, 0x00, 0x00, 0x00, 0x00,
  0x00, 0x00, 0x00, 0x00, 0x00, 0x00, 0x00, 0x00, 0x00, 0x00, 0x00, 0x0c,
  0x01, 0x00, 0x00, 0x00, 0x00, 0x00, 0x00, 0x64, 0x01, 0x00, 0x00, 0x00,
  0x00, 0x00, 0x00, 0x01, 0x00, 0x5a, 0x64, 0x01, 0x00, 0x00, 0x00, 0x00,
  0x00, 0x00, 0x7c, 0x01, 0x00, 0x00, 0x00, 0x00, 0x00, 0x00, 0x04, 0x00,
  0xf3, 0x01, 0x5a, 0x9f, 0x7c, 0x01, 0x00, 0x00, 0x00, 0x00, 0x00, 0x00,
  0x00, 0x02, 0x00, 0x00, 0x00, 0x00, 0x00, 0x00, 0x01, 0x00, 0x5a, 0x00,
  0x02, 0x00, 0x00, 0x00, 0x00, 0x00, 0x00, 0x14, 0x02, 0x00, 0x00, 0x00,
  0x00, 0x00, 0x00, 0x04, 0x00, 0xf3, 0x01, 0x5a, 0x9f, 0x00, 0x00, 0x00,
  0x00, 0x00, 0x00, 0x00, 0x00, 0x00, 0x00, 0x00, 0x00, 0x00, 0x00, 0x00,
  0x00, 0x24, 0x01, 0x00, 0x00, 0x00, 0x00, 0x00, 0x00, 0x58, 0x01, 0x00,
  0x00, 0x00, 0x00, 0x00, 0x00, 0x01, 0x00, 0x59, 0x58, 0x01, 0x00, 0x00,
  0x00, 0x00, 0x00, 0x00, 0x60, 0x01, 0x00, 0x00, 0x00, 0x00, 0x00, 0x00,
  0x01, 0x00, 0x5f, 0x60, 0x01, 0x00, 0x00, 0x00, 0x00, 0x00, 0x00, 0x0c,
  0x02, 0x00, 0x00, 0x00, 0x00, 0x00, 0x00, 0x01, 0x00, 0x59, 0x00, 0x00,
  0x00, 0x00, 0x00, 0x00, 0x00, 0x00, 0x00, 0x00, 0x00, 0x00, 0x00, 0x00,
  0x00, 0x00, 0x2c, 0x01, 0x00, 0x00, 0x00, 0x00, 0x00, 0x00, 0x60, 0x01,
  0x00, 0x00, 0x00, 0x00, 0x00, 0x00, 0x01, 0x00, 0x5f, 0x60, 0x01, 0x00,
  0x00, 0x00, 0x00, 0x00, 0x00, 0x6f, 0x01, 0x00, 0x00, 0x00, 0x00, 0x00,
  0x00, 0x09, 0x00, 0x03, 0x38, 0x12, 0x00, 0x00, 0x00, 0x00, 0x00, 0x00,
  0x7c, 0x01, 0x00, 0x00, 0x00, 0x00, 0x00, 0x00, 0xe8, 0x01, 0x00, 0x00,
  0x00, 0x00, 0x00, 0x00, 0x01, 0x00, 0x5f, 0xe8, 0x01, 0x00, 0x00, 0x00,
  0x00, 0x00, 0x00, 0x00, 0x02, 0x00, 0x00, 0x00, 0x00, 0x00, 0x00, 0x09,
  0x00, 0x03, 0x38, 0x12, 0x00, 0x00, 0x00, 0x00, 0x00, 0x00, 0x00, 0x00,
  0x00, 0x00, 0x00, 0x00, 0x00, 0x00, 0x00, 0x00, 0x00, 0x00, 0x00, 0x00,
  0x00, 0x00, 0x00, 0x00, 0x00, 0x00, 0x00, 0x00, 0x00, 0x00, 0x00, 0x00,
  0x2c, 0x00, 0x00, 0x00, 0x02, 0x00, 0x00, 0x00, 0x00, 0x00, 0x08, 0x00,
  0x00, 0x00, 0x00, 0x00, 0x00, 0x00, 0x00, 0x00, 0x00, 0x00, 0x00, 0x00,
  0xfc, 0x09, 0x00, 0x00, 0x00, 0x00, 0x00, 0x00, 0x00, 0x00, 0x00, 0x00,
  0x00, 0x00, 0x00, 0x00, 0x00, 0x00, 0x00, 0x00, 0x00, 0x00, 0x00, 0x00,
  0x2c, 0x00, 0x00, 0x00, 0x02, 0x00, 0x36, 0x0c, 0x00, 0x00, 0x08, 0x00,
  0x00, 0x00, 0x00, 0x00, 0xfc, 0x09, 0x00, 0x00, 0x00, 0x00, 0x00, 0x00,
  0x78, 0x00, 0x00, 0x00, 0x00, 0x00, 0x00, 0x00, 0x00, 0x00, 0x00, 0x00,
  0x00, 0x00, 0x00, 0x00, 0x00, 0x00, 0x00, 0x00, 0x00, 0x00, 0x00, 0x00,
  0x38, 0x07, 0x00, 0x00, 0x00, 0x00, 0x00, 0x00, 0x44, 0x07, 0x00, 0x00,
  0x00, 0x00, 0x00, 0x00, 0x48, 0x07, 0x00, 0x00, 0x00, 0x00, 0x00, 0x00,
  0x7c, 0x07, 0x00, 0x00, 0x00, 0x00, 0x00, 0x00, 0x00, 0x00, 0x00, 0x00,
  0x00, 0x00, 0x00, 0x00, 0x00, 0x00, 0x00, 0x00, 0x00, 0x00, 0x00, 0x00,
  0x33, 0x0c, 0x00, 0x00, 0x02, 0x00, 0x3f, 0x00, 0x00, 0x00, 0x01, 0x01,
  0xfb, 0x0e, 0x0a, 0x00, 0x01, 0x01, 0x01, 0x01, 0x00, 0x00, 0x00, 0x01,
  0x2e, 0x2e, 0x2f, 0x6b, 0x65, 0x72, 0x6e, 0x65, 0x6c, 0x00, 0x00, 0x69,
  0x6e, 0x69, 0x74, 0x63, 0x6f, 0x64, 0x65, 0x2e, 0x63, 0x00, 0x00, 0x00,
  0x00, 0x74, 0x79, 0x70, 0x65, 0x73, 0x2e, 0x68, 0x00, 0x01, 0x00, 0x00,
  0x73, 0x74, 0x64, 0x61, 0x72, 0x67, 0x2e, 0x68, 0x00, 0x00, 0x00, 0x00,
  0x00, 0x05, 0x01, 0x00, 0x09, 0x02, 0x00, 0x00, 0x00, 0x00, 0x00, 0x00,
  0x00, 0x00, 0x03, 0x89, 0x01, 0x01, 0x05, 0x05, 0x03, 0x01, 0x09, 0x14,
  0x00, 0x01, 0x05, 0x01, 0x06, 0x03, 0x01, 0x09, 0x10, 0x00, 0x01, 0x06,
  0x03, 0x03, 0x09, 0x10, 0x00, 0x01, 0x05, 0x05, 0x03, 0x01, 0x09, 0x20,
  0x00, 0x01, 0x03, 0x01, 0x09, 0x00, 0x00, 0x01, 0x03, 0x01, 0x09, 0x00,
  0x00, 0x01, 0x03, 0x02, 0x09, 0x00, 0x00, 0x01, 0x03, 0x01, 0x09, 0x00,
  0x00, 0x01, 0x05, 0x08, 0x06, 0x03, 0x00, 0x09, 0x00, 0x00, 0x01, 0x05,
  0x0d, 0x00, 0x02, 0x04, 0x01, 0x03, 0x00, 0x09, 0x04, 0x00, 0x01, 0x05,
  0x09, 0x06, 0x03, 0x07, 0x09, 0x04, 0x00, 0x01, 0x06, 0x03, 0x78, 0x09,
  0x00, 0x00, 0x01, 0x05, 0x05, 0x06, 0x03, 0x0b, 0x09, 0x04, 0x00, 0x01,
  0x05, 0x09, 0x06, 0x03, 0x75, 0x09, 0x04, 0x00, 0x01, 0x05, 0x07, 0x03,
  0x0b, 0x09, 0x04, 0x00, 0x01, 0x05, 0x1a, 0x03, 0x03, 0x09, 0x04, 0x00,
  0x01, 0x05, 0x05, 0x06, 0x03, 0x7e, 0x09, 0x08, 0x00, 0x01, 0x05, 0x09,
  0x03, 0x02, 0x09, 0x00, 0x00, 0x01, 0x05, 0x0e, 0x06, 0x03, 0x00, 0x09,
  0x04, 0x00, 0x01, 0x05, 0x1d, 0x03, 0x00, 0x09, 0x08, 0x00, 0x01, 0x05,
  0x1a, 0x03, 0x00, 0x09, 0x04, 0x00, 0x01, 0x05, 0x12, 0x03, 0x00, 0x09,
  0x0c, 0x00, 0x01, 0x05, 0x1a, 0x00, 0x02, 0x04, 0x01, 0x06, 0x03, 0x01,
  0x09, 0x08, 0x00, 0x01, 0x05, 0x11, 0x00, 0x02, 0x04, 0x01, 0x06, 0x03,
  0x00, 0x09, 0x04, 0x00, 0x01, 0x05, 0x1a, 0x00, 0x02, 0x04, 0x01, 0x03,
  0x00, 0x09, 0x04, 0x00, 0x01, 0x05, 0x05, 0x06, 0x03, 0x01, 0x09, 0x08,
  0x00, 0x01, 0x05, 0x08, 0x06, 0x03, 0x00, 0x09, 0x00, 0x00, 0x01, 0x05,
  0x09, 0x06, 0x03, 0x01, 0x09, 0x04, 0x00, 0x01, 0x05, 0x12, 0x06, 0x03,
  0x00, 0x09, 0x00, 0x00, 0x01, 0x05, 0x0e, 0x03, 0x00, 0x09, 0x10, 0x00,
  0x01, 0x05, 0x10, 0x06, 0x03, 0x02, 0x09, 0x04, 0x00, 0x01, 0x05, 0x09,
  0x03, 0x01, 0x09, 0x08, 0x00, 0x01, 0x05, 0x10, 0x03, 0x7f, 0x09, 0x10,
  0x00, 0x01, 0x05, 0x01, 0x06, 0x03, 0x02, 0x09, 0x0c, 0x00, 0x01, 0x05,
  0x09, 0x06, 0x03, 0x6e, 0x09, 0x1c, 0x00, 0x01, 0x03, 0x01, 0x09, 0x00,
  0x00, 0x01, 0x05, 0x0b, 0x06, 0x03, 0x00, 0x09, 0x00, 0x00, 0x01, 0x05,
  0x0d, 0x03, 0x7f, 0x09, 0x04, 0x00, 0x01, 0x05, 0x0b, 0x03, 0x01, 0x09,
  0x04, 0x00, 0x01, 0x05, 0x01, 0x06, 0x03, 0x91, 0x7f, 0x09, 0x04, 0x00,
  0x01, 0x05, 0x05, 0x03, 0x01, 0x09, 0x14, 0x00, 0x01, 0x03, 0x02, 0x09,
  0x00, 0x00, 0x01, 0x05, 0x08, 0x06, 0x03, 0x00, 0x09, 0x00, 0x00, 0x01,
  0x05, 0x05, 0x06, 0x03, 0x01, 0x09, 0x04, 0x00, 0x01, 0x05, 0x0c, 0x06,
  0x03, 0x00, 0x09, 0x00, 0x00, 0x01, 0x05, 0x05, 0x03, 0x00, 0x09, 0x08,
  0x00, 0x01, 0x05, 0x09, 0x06, 0x03, 0x05, 0x09, 0x04, 0x00, 0x01, 0x05,
  0x14, 0x06, 0x03, 0x00, 0x09, 0x00, 0x00, 0x01, 0x05, 0x09, 0x06, 0x03,
  0x01, 0x09, 0x0c, 0x00, 0x01, 0x05, 0x20, 0x06, 0x03, 0x00, 0x09, 0x00,
  0x00, 0x01, 0x05, 0x09, 0x06, 0x03, 0x06, 0x09, 0x0c, 0x00, 0x01, 0x05,
  0x13, 0x06, 0x03, 0x00, 0x09, 0x00, 0x00, 0x01, 0x05, 0x09, 0x06, 0x03,
  0x01, 0x09, 0x0c, 0x00, 0x01, 0x05, 0x19, 0x06, 0x03, 0x00, 0x09, 0x00,
  0x00, 0x01, 0x05, 0x09, 0x06, 0x03, 0x01, 0x09, 0x04, 0x00, 0x01, 0x05,
  0x0c, 0x06, 0x03, 0x00, 0x09, 0x00, 0x00, 0x01, 0x05, 0x09, 0x06, 0x03,
  0x08, 0x09, 0x08, 0x00, 0x01, 0x03, 0x01, 0x09, 0x10, 0x00, 0x01, 0x05,
  0x14, 0x06, 0x03, 0x00, 0x09, 0x00, 0x00, 0x01, 0x05, 0x01, 0x03, 0x02,
  0x09, 0x08, 0x00, 0x01, 0x05, 0x09, 0x06, 0x03, 0x68, 0x09, 0x04, 0x00,
  0x01, 0x05, 0x16, 0x06, 0x03, 0x00, 0x09, 0x00, 0x00, 0x01, 0x05, 0x0c,
  0x03, 0x00, 0x09, 0x04, 0x00, 0x01, 0x05, 0x26, 0x00, 0x02, 0x04, 0x02,
  0x03, 0x00, 0x09, 0x04, 0x00, 0x01, 0x05, 0x01, 0x03, 0x7b, 0x09, 0x04,
  0x00, 0x01, 0x05, 0x15, 0x00, 0x02, 0x04, 0x01, 0x06, 0x03, 0x04, 0x09,
  0x04, 0x00, 0x01, 0x05, 0x2a, 0x00, 0x02, 0x04, 0x03, 0x06, 0x03, 0x00,
  0x09, 0x04, 0x00, 0x01, 0x05, 0x15, 0x00, 0x02, 0x04, 0x03, 0x03, 0x00,
  0x09, 0x04, 0x00, 0x01, 0x05, 0x09, 0x06, 0x03, 0x01, 0x09, 0x04, 0x00,
  0x01, 0x05, 0x0c, 0x06, 0x03, 0x00, 0x09, 0x00, 0x00, 0x01, 0x05, 0x05,
  0x06, 0x03, 0x02, 0x09, 0x04, 0x00, 0x01, 0x05, 0x13, 0x06, 0x03, 0x00,
  0x09, 0x00, 0x00, 0x01, 0x05, 0x20, 0x03, 0x00, 0x09, 0x04, 0x00, 0x01,
  0x05, 0x0c, 0x03, 0x00, 0x09, 0x04, 0x00, 0x01, 0x05, 0x08, 0x03, 0x00,
  0x09, 0x0c, 0x00, 0x01, 0x05, 0x13, 0x03, 0x03, 0x09, 0x04, 0x00, 0x01,
  0x05, 0x05, 0x06, 0x03, 0x04, 0x09, 0x04, 0x00, 0x01, 0x05, 0x11, 0x06,
  0x03, 0x00, 0x09, 0x00, 0x00, 0x01, 0x05, 0x0b, 0x03, 0x00, 0x09, 0x04,
  0x00, 0x01, 0x05, 0x08, 0x03, 0x00, 0x09, 0x10, 0x00, 0x01, 0x05, 0x12,
  0x03, 0x03, 0x09, 0x04, 0x00, 0x01, 0x05, 0x05, 0x06, 0x03, 0x05, 0x09,
  0x04, 0x00, 0x01, 0x05, 0x0b, 0x06, 0x03, 0x00, 0x09, 0x00, 0x00, 0x01,
  0x05, 0x05, 0x06, 0x03, 0x02, 0x09, 0x08, 0x00, 0x01, 0x05, 0x1c, 0x06,
  0x03, 0x00, 0x09, 0x00, 0x00, 0x01, 0x05, 0x15, 0x03, 0x00, 0x09, 0x04,
  0x00, 0x01, 0x05, 0x08, 0x03, 0x00, 0x09, 0x0c, 0x00, 0x01, 0x05, 0x2e,
  0x00, 0x02, 0x04, 0x01, 0x03, 0x00, 0x09, 0x0c, 0x00, 0x01, 0x05, 0x01,
  0x03, 0x05, 0x09, 0x08, 0x00, 0x01, 0x06, 0x03, 0x03, 0x09, 0x14, 0x00,
  0x01, 0x05, 0x05, 0x03, 0x01, 0x09, 0x18, 0x00, 0x01, 0x03, 0x01, 0x09,
  0x00, 0x00, 0x01, 0x03, 0x02, 0x09, 0x00, 0x00, 0x01, 0x05, 0x08, 0x06,
  0x03, 0x00, 0x09, 0x00, 0x00, 0x01, 0x05, 0x09, 0x06, 0x03, 0x02, 0x09,
  0x04, 0x00, 0x01, 0x05, 0x0d, 0x06, 0x03, 0x00, 0x09, 0x00, 0x00, 0x01,
  0x05, 0x09, 0x06, 0x03, 0x01, 0x09, 0x10, 0x00, 0x01, 0x05, 0x0c, 0x06,
  0x03, 0x00, 0x09, 0x00, 0x00, 0x01, 0x05, 0x14, 0x03, 0x01, 0x09, 0x04,
  0x00, 0x01, 0x05, 0x0c, 0x03, 0x7f, 0x09, 0x04, 0x00, 0x01, 0x05, 0x09,
  0x06, 0x03, 0x02, 0x09, 0x04, 0x00, 0x01, 0x03, 0x01, 0x09, 0x00, 0x00,
  0x01, 0x05, 0x14, 0x06, 0x03, 0x00, 0x09, 0x00, 0x00, 0x01, 0x05, 0x09,
  0x06, 0x03, 0x01, 0x09, 0x04, 0x00, 0x01, 0x05, 0x23, 0x06, 0x03, 0x00,
  0x09, 0x00, 0x00, 0x01, 0x05, 0x1e, 0x03, 0x00, 0x09, 0x04, 0x00, 0x01,
  0x05, 0x11, 0x03, 0x00, 0x09, 0x04, 0x00, 0x01, 0x05, 0x09, 0x06, 0x03,
  0x01, 0x09, 0x08, 0x00, 0x01, 0x03, 0x01, 0x09, 0x0c, 0x00, 0x01, 0x05,
  0x10, 0x06, 0x03, 0x00, 0x09, 0x00, 0x00, 0x01, 0x05, 0x01, 0x03, 0x0a,
  0x09, 0x08, 0x00, 0x01, 0x05, 0x09, 0x06, 0x03, 0x7a, 0x09, 0x14, 0x00,
  0x01, 0x05, 0x0d, 0x06, 0x03, 0x00, 0x09, 0x00, 0x00, 0x01, 0x05, 0x09,
  0x06, 0x03, 0x01, 0x09, 0x10, 0x00, 0x01, 0x05, 0x0c, 0x06, 0x03, 0x00,
  0x09, 0x00, 0x00, 0x01, 0x05, 0x14, 0x03, 0x01, 0x09, 0x04, 0x00, 0x01,
  0x05, 0x0c, 0x03, 0x7f, 0x09, 0x04, 0x00, 0x01, 0x05, 0x09, 0x06, 0x03,
  0x02, 0x09, 0x04, 0x00, 0x01, 0x05, 0x11, 0x06, 0x03, 0x00, 0x09, 0x00,
  0x00, 0x01, 0x05, 0x17, 0x03, 0x00, 0x09, 0x08, 0x00, 0x01, 0x05, 0x11,
  0x03, 0x00, 0x09, 0x04, 0x00, 0x01, 0x05, 0x09, 0x06, 0x03, 0x01, 0x09,
  0x0c, 0x00, 0x01, 0x05, 0x10, 0x06, 0x03, 0x00, 0x09, 0x00, 0x00, 0x01,
  0x05, 0x01, 0x06, 0x03, 0x05, 0x09, 0x04, 0x00, 0x01, 0x05, 0x05, 0x03,
  0x01, 0x09, 0x18, 0x00, 0x01, 0x03, 0x01, 0x09, 0x00, 0x00, 0x01, 0x03,
  0x02, 0x09, 0x00, 0x00, 0x01, 0x05, 0x27, 0x06, 0x03, 0x00, 0x09, 0x00,
  0x00, 0x01, 0x05, 0x2c, 0x03, 0x00, 0x09, 0x0c, 0x00, 0x01, 0x05, 0x0c,
  0x03, 0x00, 0x09, 0x04, 0x00, 0x01, 0x05, 0x05, 0x06, 0x03, 0x01, 0x09,
  0x08, 0x00, 0x01, 0x05, 0x10, 0x06, 0x03, 0x00, 0x09, 0x00, 0x00, 0x01,
  0x05, 0x08, 0x03, 0x00, 0x09, 0x08, 0x00, 0x01, 0x05, 0x05, 0x06, 0x03,
  0x05, 0x09, 0x04, 0x00, 0x01, 0x05, 0x0c, 0x06, 0x03, 0x00, 0x09, 0x00,
  0x00, 0x01, 0x05, 0x09, 0x06, 0x03, 0x02, 0x09, 0x04, 0x00, 0x01, 0x05,
  0x11, 0x06, 0x03, 0x00, 0x09, 0x00, 0x00, 0x01, 0x05, 0x0c, 0x03, 0x00,
  0x09, 0x04, 0x00, 0x01, 0x05, 0x0f, 0x03, 0x0d, 0x09, 0x18, 0x00, 0x01,
  0x05, 0x35, 0x03, 0x02, 0x09, 0x08, 0x00, 0x01, 0x05, 0x09, 0x06, 0x03,
  0x6c, 0x09, 0x28, 0x00, 0x01, 0x05, 0x1c, 0x06, 0x03, 0x00, 0x09, 0x00,
  0x00, 0x01, 0x05, 0x14, 0x03, 0x00, 0x09, 0x10, 0x00, 0x01, 0x05, 0x09,
  0x06, 0x03, 0x01, 0x09, 0x04, 0x00, 0x01, 0x05, 0x15, 0x06, 0x03, 0x00,
  0x09, 0x00, 0x00, 0x01, 0x05, 0x05, 0x06, 0x03, 0x02, 0x09, 0x04, 0x00,
  0x01, 0x05, 0x09, 0x03, 0x02, 0x09, 0x00, 0x00, 0x01, 0x05, 0x11, 0x03,
  0x03, 0x09, 0x04, 0x00, 0x01, 0x05, 0x24, 0x06, 0x03, 0x00, 0x09, 0x00,
  0x00, 0x01, 0x05, 0x1e, 0x03, 0x00, 0x09, 0x04, 0x00, 0x01, 0x05, 0x16,
  0x03, 0x0c, 0x09, 0x08, 0x00, 0x01, 0x05, 0x10, 0x00, 0x02, 0x04, 0x01,
  0x03, 0x00, 0x09, 0x0c, 0x00, 0x01, 0x05, 0x26, 0x06, 0x03, 0x6f, 0x09,
  0x04, 0x00, 0x01, 0x05, 0x2a, 0x06, 0x03, 0x00, 0x09, 0x00, 0x00, 0x01,
  0x05, 0x05, 0x06, 0x03, 0x00, 0x09, 0x04, 0x00, 0x01, 0x05, 0x09, 0x03,
  0x02, 0x09, 0x00, 0x00, 0x01, 0x05, 0x11, 0x06, 0x03, 0x00, 0x09, 0x00,
  0x00, 0x01, 0x05, 0x0c, 0x03, 0x00, 0x09, 0x04, 0x00, 0x01, 0x05, 0x09,
  0x06, 0x03, 0x0d, 0x09, 0x04, 0x00, 0x01, 0x05, 0x0c, 0x06, 0x03, 0x00,
  0x09, 0x00, 0x00, 0x01, 0x05, 0x0d, 0x06, 0x03, 0x02, 0x09, 0x0c, 0x00,
  0x01, 0x05, 0x35, 0x06, 0x03, 0x00, 0x09, 0x00, 0x00, 0x01, 0x05, 0x0d,
  0x06, 0x03, 0x73, 0x09, 0x24, 0x00, 0x01, 0x05, 0x10, 0x06, 0x03, 0x00,
  0x09, 0x00, 0x00, 0x01, 0x05, 0x11, 0x06, 0x03, 0x04, 0x09, 0x04, 0x00,
  0x01, 0x05, 0x1b, 0x06, 0x03, 0x00, 0x09, 0x00, 0x00, 0x01, 0x05, 0x11,
  0x06, 0x03, 0x01, 0x09, 0x08, 0x00, 0x01, 0x05, 0x13, 0x06, 0x03, 0x00,
  0x09, 0x00, 0x00, 0x01, 0x05, 0x11, 0x06, 0x03, 0x01, 0x09, 0x0c, 0x00,
  0x01, 0x05, 0x1b, 0x06, 0x03, 0x00, 0x09, 0x00, 0x00, 0x01, 0x05, 0x0d,
  0x06, 0x03, 0x02, 0x09, 0x04, 0x00, 0x01, 0x05, 0x13, 0x06, 0x03, 0x00,
  0x09, 0x00, 0x00, 0x01, 0x05, 0x0d, 0x06, 0x03, 0x01, 0x09, 0x08, 0x00,
  0x01, 0x05, 0x14, 0x06, 0x03, 0x00, 0x09, 0x00, 0x00, 0x01, 0x05, 0x01,
  0x03, 0x07, 0x09, 0x04, 0x00, 0x01, 0x06, 0x03, 0x35, 0x09, 0x30, 0x00,
  0x01, 0x05, 0x05, 0x03, 0x01, 0x09, 0x14, 0x00, 0x01, 0x03, 0x01, 0x09,
  0x00, 0x00, 0x01, 0x03, 0x02, 0x09, 0x00, 0x00, 0x01, 0x03, 0x01, 0x09,
  0x00, 0x00, 0x01, 0x05, 0x11, 0x00, 0x02, 0x04, 0x01, 0x03, 0x00, 0x09,
  0x00, 0x00, 0x01, 0x05, 0x14, 0x00, 0x02, 0x04, 0x01, 0x06, 0x03, 0x00,
  0x09, 0x00, 0x00, 0x01, 0x05, 0x11, 0x00, 0x02, 0x04, 0x01, 0x03, 0x00,
  0x09, 0x04, 0x00, 0x01, 0x05, 0x0b, 0x03, 0x7f, 0x09, 0x28, 0x00, 0x01,
  0x05, 0x11, 0x03, 0x0f, 0x09, 0x04, 0x00, 0x01, 0x06, 0x03, 0x7d, 0x09,
  0x0c, 0x00, 0x01, 0x05, 0x0e, 0x03, 0x03, 0x09, 0x14, 0x00, 0x01, 0x05,
  0x11, 0x06, 0x03, 0x00, 0x09, 0x00, 0x00, 0x01, 0x05, 0x1a, 0x00, 0x02,
  0x04, 0x02, 0x06, 0x03, 0x72, 0x09, 0x04, 0x00, 0x01, 0x05, 0x11, 0x00,
  0x02, 0x04, 0x01, 0x03, 0x00, 0x09, 0x00, 0x00, 0x01, 0x05, 0x14, 0x00,
  0x02, 0x04, 0x01, 0x06, 0x03, 0x00, 0x09, 0x04, 0x00, 0x01, 0x05, 0x11,
  0x00, 0x02, 0x04, 0x01, 0x03, 0x00, 0x09, 0x04, 0x00, 0x01, 0x05, 0x09,
  0x06, 0x03, 0x02, 0x09, 0x04, 0x00, 0x01, 0x03, 0x01, 0x09, 0x00, 0x00,
  0x01, 0x05, 0x0c, 0x06, 0x03, 0x00, 0x09, 0x00, 0x00, 0x01, 0x05, 0x0d,
  0x06, 0x03, 0x02, 0x09, 0x04, 0x00, 0x01, 0x05, 0x10, 0x06, 0x03, 0x00,
  0x09, 0x00, 0x00, 0x01, 0x05, 0x17, 0x03, 0x02, 0x09, 0x04, 0x00, 0x01,
  0x05, 0x0d, 0x06, 0x03, 0x09, 0x09, 0x08, 0x00, 0x01, 0x05, 0x11, 0x03,
  0x02, 0x09, 0x38, 0x00, 0x01, 0x00, 0x02, 0x04, 0x01, 0x06, 0x03, 0x00,
  0x09, 0x04, 0x00, 0x01, 0x03, 0x00, 0x09, 0x18, 0x00, 0x01, 0x05, 0x13,
  0x03, 0x27, 0x09, 0x04, 0x00, 0x01, 0x05, 0x11, 0x06, 0x03, 0x5d, 0x09,
  0x08, 0x00, 0x01, 0x05, 0x1e, 0x06, 0x03, 0x00, 0x09, 0x00, 0x00, 0x01,
  0x05, 0x11, 0x00, 0x02, 0x04, 0x01, 0x03, 0x00, 0x09, 0x04, 0x00, 0x01,
  0x05, 0x1e, 0x03, 0x00, 0x09, 0x18, 0x00, 0x01, 0x05, 0x13, 0x03, 0x23,
  0x09, 0x04, 0x00, 0x01, 0x05, 0x11, 0x06, 0x03, 0x61, 0x09, 0x08, 0x00,
  0x01, 0x00, 0x02, 0x04, 0x01, 0x06, 0x03, 0x00, 0x09, 0x04, 0x00, 0x01,
  0x03, 0x00, 0x09, 0x18, 0x00, 0x01, 0x05, 0x13, 0x03, 0x1f, 0x09, 0x04,
  0x00, 0x01, 0x05, 0x11, 0x06, 0x03, 0x65, 0x09, 0x0c, 0x00, 0x01, 0x05,
  0x05, 0x03, 0x54, 0x09, 0x08, 0x00, 0x01, 0x03, 0x01, 0x09, 0x00, 0x00,
  0x01, 0x03, 0x01, 0x09, 0x10, 0x00, 0x01, 0x03, 0x01, 0x09, 0x10, 0x00,
  0x01, 0x05, 0x13, 0x00, 0x02, 0x04, 0x01, 0x03, 0x00, 0x09, 0x00, 0x00,
  0x01, 0x05, 0x05, 0x06, 0x03, 0x7f, 0x09, 0x00, 0x00, 0x01, 0x05, 0x09,
  0x03, 0x02, 0x09, 0x04, 0x00, 0x01, 0x06, 0x03, 0x00, 0x09, 0x08, 0x00,
  0x01, 0x05, 0x1b, 0x06, 0x03, 0x00, 0x09, 0x00, 0x00, 0x01, 0x05, 0x09,
  0x03, 0x00, 0x09, 0x04, 0x00, 0x01, 0x05, 0x2e, 0x00, 0x02, 0x04, 0x03,
  0x06, 0x03, 0x7f, 0x09, 0x14, 0x00, 0x01, 0x05, 0x32, 0x00, 0x02, 0x04,
  0x03, 0x06, 0x03, 0x00, 0x09, 0x00, 0x00, 0x01, 0x05, 0x13, 0x00, 0x02,
  0x04, 0x01, 0x06, 0x03, 0x00, 0x09, 0x04, 0x00, 0x01, 0x05, 0x11, 0x06,
  0x03, 0x29, 0x09, 0x08, 0x00, 0x01, 0x05, 0x13, 0x03, 0x1b, 0x09, 0x04,
  0x00, 0x01, 0x05, 0x11, 0x06, 0x03, 0x69, 0x09, 0x0c, 0x00, 0x01, 0x05,
  0x13, 0x06, 0x03, 0x00, 0x09, 0x00, 0x00, 0x01, 0x05, 0x11, 0x06, 0x03,
  0x01, 0x09, 0x08, 0x00, 0x01, 0x05, 0x14, 0x06, 0x03, 0x00, 0x09, 0x00,
  0x00, 0x01, 0x05, 0x1b, 0x06, 0x03, 0x02, 0x09, 0x04, 0x00, 0x01, 0x05,
  0x18, 0x06, 0x03, 0x00, 0x09, 0x00, 0x00, 0x01, 0x05, 0x1b, 0x03, 0x00,
  0x09, 0x04, 0x00, 0x01, 0x05, 0x15, 0x06, 0x03, 0x02, 0x09, 0x04, 0x00,
  0x01, 0x03, 0x01, 0x09, 0x0c, 0x00, 0x01, 0x05, 0x16, 0x06, 0x03, 0x00,
  0x09, 0x00, 0x00, 0x01, 0x05, 0x1b, 0x06, 0x03, 0x7d, 0x09, 0x04, 0x00,
  0x01, 0x05, 0x18, 0x06, 0x03, 0x00, 0x09, 0x00, 0x00, 0x01, 0x05, 0x1b,
  0x03, 0x00, 0x09, 0x04, 0x00, 0x01, 0x05, 0x13, 0x03, 0x7d, 0x09, 0x04,
  0x00, 0x01, 0x03, 0x17, 0x09, 0x04, 0x00, 0x01, 0x05, 0x17, 0x03, 0x6b,
  0x09, 0x08, 0x00, 0x01, 0x05, 0x18, 0x03, 0x01, 0x09, 0x08, 0x00, 0x01,
  0x05, 0x11, 0x06, 0x03, 0x08, 0x09, 0x08, 0x00, 0x01, 0x05, 0x1a, 0x06,
  0x03, 0x00, 0x09, 0x00, 0x00, 0x01, 0x05, 0x11, 0x00, 0x02, 0x04, 0x01,
  0x03, 0x00, 0x09, 0x04, 0x00, 0x01, 0x05, 0x1a, 0x03, 0x00, 0x09, 0x10,
  0x00, 0x01, 0x05, 0x13, 0x03, 0x0c, 0x09, 0x04, 0x00, 0x01, 0x05, 0x11,
  0x06, 0x03, 0x78, 0x09, 0x08, 0x00, 0x01, 0x05, 0x13, 0x06, 0x03, 0x08,
  0x09, 0x10, 0x00, 0x01, 0x05, 0x11, 0x06, 0x03, 0x7d, 0x09, 0x08, 0x00,
  0x01, 0x03, 0x01, 0x09, 0x10, 0x00, 0x01, 0x05, 0x13, 0x06, 0x03, 0x02,
  0x09, 0x10, 0x00, 0x01, 0x03, 0x69, 0x09, 0x08, 0x00, 0x01, 0x03, 0x17,
  0x09, 0x04, 0x00, 0x01, 0x05, 0x01, 0x03, 0x03, 0x09, 0x20, 0x00, 0x01,
  0x06, 0x03, 0x03, 0x09, 0x14, 0x00, 0x01, 0x05, 0x05, 0x03, 0x01, 0x09,
  0x2c, 0x00, 0x01, 0x03, 0x02, 0x09, 0x00, 0x00, 0x01, 0x03, 0x01, 0x09,
  0x08, 0x00, 0x01, 0x05, 0x01, 0x06, 0x03, 0x01, 0x09, 0x10, 0x00, 0x01,
  0x06, 0x03, 0x07, 0x09, 0x10, 0x00, 0x01, 0x05, 0x05, 0x03, 0x01, 0x09,
  0x10, 0x00, 0x01, 0x03, 0x04, 0x09, 0x00, 0x00, 0x01, 0x05, 0x0b, 0x06,
  0x03, 0x00, 0x09, 0x00, 0x00, 0x01, 0x05, 0x05, 0x06, 0x03, 0x01, 0x09,
  0x08, 0x00, 0x01, 0x05, 0x08, 0x06, 0x03, 0x00, 0x09, 0x00, 0x00, 0x01,
  0x05, 0x05, 0x06, 0x03, 0x05, 0x09, 0x0c, 0x00, 0x01, 0x05, 0x08, 0x06,
  0x03, 0x00, 0x09, 0x00, 0x00, 0x01, 0x05, 0x05, 0x06, 0x03, 0x06, 0x09,
  0x04, 0x00, 0x01, 0x03, 0x04, 0x09, 0x00, 0x00, 0x01, 0x05, 0x0b, 0x06,
  0x03, 0x00, 0x09, 0x00, 0x00, 0x01, 0x05, 0x05, 0x06, 0x03, 0x01, 0x09,
  0x08, 0x00, 0x01, 0x05, 0x08, 0x06, 0x03, 0x00, 0x09, 0x00, 0x00, 0x01,
  0x05, 0x05, 0x06, 0x03, 0x05, 0x09, 0x04, 0x00, 0x01, 0x05, 0x08, 0x06,
  0x03, 0x00, 0x09, 0x00, 0x00, 0x01, 0x05, 0x05, 0x06, 0x03, 0x17, 0x09,
  0x04, 0x00, 0x01, 0x05, 0x0b, 0x06, 0x03, 0x00, 0x09, 0x00, 0x00, 0x01,
  0x05, 0x05, 0x06, 0x03, 0x01, 0x09, 0x08, 0x00, 0x01, 0x05, 0x08, 0x06,
  0x03, 0x00, 0x09, 0x00, 0x00, 0x01, 0x05, 0x05, 0x06, 0x03, 0x05, 0x09,
  0x0c, 0x00, 0x01, 0x05, 0x0f, 0x06, 0x03, 0x10, 0x09, 0x00, 0x00, 0x01,
  0x05, 0x09, 0x00, 0x02, 0x04, 0x01, 0x03, 0x03, 0x09, 0x04, 0x00, 0x01,
  0x05, 0x08, 0x03, 0x6d, 0x09, 0x08, 0x00, 0x01, 0x05, 0x05, 0x06, 0x03,
  0x0d, 0x09, 0x04, 0x00, 0x01, 0x05, 0x09, 0x03, 0x02, 0x09, 0x00, 0x00,
  0x01, 0x03, 0x01, 0x09, 0x00, 0x00, 0x01, 0x05, 0x0f, 0x06, 0x03, 0x00,
  0x09, 0x00, 0x00, 0x01, 0x05, 0x09, 0x06, 0x03, 0x01, 0x09, 0x10, 0x00,
  0x01, 0x05, 0x0c, 0x06, 0x03, 0x00, 0x09, 0x00, 0x00, 0x01, 0x05, 0x09,
  0x06, 0x03, 0x02, 0x09, 0x04, 0x00, 0x01, 0x00, 0x02, 0x04, 0x01, 0x06,
  0x03, 0x00, 0x09, 0x0c, 0x00, 0x01, 0x05, 0x0b, 0x06, 0x03, 0x7a, 0x09,
  0x14, 0x00, 0x01, 0x05, 0x05, 0x06, 0x03, 0x01, 0x09, 0x00, 0x00, 0x01,
  0x05, 0x09, 0x06, 0x03, 0x42, 0x09, 0x04, 0x00, 0x01, 0x00, 0x02, 0x04,
  0x01, 0x06, 0x03, 0x00, 0x09, 0x0c, 0x00, 0x01, 0x06, 0x03, 0x01, 0x09,
  0x10, 0x00, 0x01, 0x05, 0x01, 0x06, 0x03, 0xc8, 0x00, 0x09, 0x00, 0x00,
  0x01, 0x05, 0x09, 0x06, 0x03, 0xbc, 0x7f, 0x09, 0x1c, 0x00, 0x01, 0x05,
  0x0f, 0x06, 0x03, 0x00, 0x09, 0x00, 0x00, 0x01, 0x05, 0x09, 0x06, 0x03,
  0x01, 0x09, 0x10, 0x00, 0x01, 0x03, 0x01, 0x09, 0x0c, 0x00, 0x01, 0x03,
  0x09, 0x09, 0x0c, 0x00, 0x01, 0x00, 0x02, 0x04, 0x01, 0x06, 0x03, 0x00,
  0x09, 0x0c, 0x00, 0x01, 0x06, 0x03, 0x01, 0x09, 0x10, 0x00, 0x01, 0x05,
  0x10, 0x06, 0x03, 0x00, 0x09, 0x00, 0x00, 0x01, 0x05, 0x08, 0x03, 0x02,
  0x09, 0x14, 0x00, 0x01, 0x05, 0x1b, 0x00, 0x02, 0x04, 0x01, 0x03, 0x03,
  0x09, 0x04, 0x00, 0x01, 0x05, 0x0d, 0x06, 0x03, 0x01, 0x09, 0x08, 0x00,
  0x01, 0x05, 0x14, 0x06, 0x03, 0x00, 0x09, 0x00, 0x00, 0x01, 0x05, 0x12,
  0x00, 0x02, 0x04, 0x01, 0x03, 0x00, 0x09, 0x0c, 0x00, 0x01, 0x05, 0x22,
  0x00, 0x02, 0x04, 0x03, 0x06, 0x03, 0x7f, 0x09, 0x04, 0x00, 0x01, 0x05,
  0x1b, 0x00, 0x02, 0x04, 0x01, 0x03, 0x00, 0x09, 0x00, 0x00, 0x01, 0x05,
  0x09, 0x03, 0x03, 0x09, 0x0c, 0x00, 0x01, 0x03, 0x01, 0x09, 0x0c, 0x00,
  0x01, 0x03, 0x01, 0x09, 0x0c, 0x00, 0x01, 0x03, 0x01, 0x09, 0x0c, 0x00,
  0x01, 0x03, 0x01, 0x09, 0x0c, 0x00, 0x01, 0x03, 0x02, 0x09, 0x0c, 0x00,
  0x01, 0x03, 0x01, 0x09, 0x0c, 0x00, 0x01, 0x03, 0x01, 0x09, 0x0c, 0x00,
  0x01, 0x03, 0x01, 0x09, 0x0c, 0x00, 0x01, 0x03, 0x01, 0x09, 0x0c, 0x00,
  0x01, 0x03, 0x01, 0x09, 0x0c, 0x00, 0x01, 0x00, 0x02, 0x04, 0x01, 0x06,
  0x03, 0x00, 0x09, 0x0c, 0x00, 0x01, 0x00, 0x02, 0x04, 0x02, 0x03, 0x00,
  0x09, 0x0c, 0x00, 0x01, 0x06, 0x03, 0x01, 0x09, 0x14, 0x00, 0x01, 0x03,
  0x08, 0x09, 0x0c, 0x00, 0x01, 0x00, 0x02, 0x04, 0x01, 0x06, 0x03, 0x00,
  0x09, 0x0c, 0x00, 0x01, 0x06, 0x03, 0x01, 0x09, 0x10, 0x00, 0x01, 0x05,
  0x10, 0x06, 0x03, 0x00, 0x09, 0x00, 0x00, 0x01, 0x05, 0x09, 0x06, 0x03,
  0x04, 0x09, 0x08, 0x00, 0x01, 0x03, 0x01, 0x09, 0x0c, 0x00, 0x01, 0x00,
  0x02, 0x04, 0x01, 0x06, 0x03, 0x00, 0x09, 0x0c, 0x00, 0x01, 0x00, 0x02,
  0x04, 0x02, 0x03, 0x00, 0x09, 0x0c, 0x00, 0x01, 0x06, 0x03, 0x01, 0x09,
  0x14, 0x00, 0x01, 0x03, 0x01, 0x09, 0x0c, 0x00, 0x01, 0x00, 0x02, 0x04,
  0x01, 0x06, 0x03, 0x00, 0x09, 0x0c, 0x00, 0x01, 0x00, 0x02, 0x04, 0x02,
  0x03, 0x00, 0x09, 0x0c, 0x00, 0x01, 0x06, 0x03, 0x01, 0x09, 0x14, 0x00,
  0x01, 0x03, 0x01, 0x09, 0x0c, 0x00, 0x01, 0x00, 0x02, 0x04, 0x01, 0x06,
  0x03, 0x00, 0x09, 0x0c, 0x00, 0x01, 0x00, 0x02, 0x04, 0x02, 0x03, 0x00,
  0x09, 0x0c, 0x00, 0x01, 0x06, 0x03, 0x01, 0x09, 0x14, 0x00, 0x01, 0x03,
  0x01, 0x09, 0x0c, 0x00, 0x01, 0x05, 0x05, 0x03, 0x0c, 0x09, 0x0c, 0x00,
  0x01, 0x00, 0x02, 0x04, 0x01, 0x06, 0x03, 0x00, 0x09, 0x0c, 0x00, 0x01,
  0x00, 0x02, 0x04, 0x02, 0x03, 0x00, 0x09, 0x0c, 0x00, 0x01, 0x06, 0x03,
  0x01, 0x09, 0x14, 0x00, 0x01, 0x05, 0x0b, 0x03, 0x00, 0x09, 0x00, 0x00,
  0x01, 0x09, 0x04, 0x00, 0x00, 0x01, 0x01, 0xe0, 0x00, 0x00, 0x00, 0x02,
  0x00, 0x1a, 0x00, 0x00, 0x00, 0x01, 0x01, 0xfb, 0x0e, 0x0a, 0x00, 0x01,
  0x01, 0x01, 0x01, 0x00, 0x00, 0x00, 0x01, 0x00, 0x75, 0x73, 0x79, 0x73,
  0x2e, 0x53, 0x00, 0x00, 0x00, 0x00, 0x00, 0x00, 0x09, 0x02, 0xfc, 0x09,
  0x00, 0x00, 0x00, 0x00, 0x00, 0x00, 0x13, 0x03, 0x01, 0x09, 0x04, 0x00,
  0x01, 0x03, 0x01, 0x09, 0x04, 0x00, 0x01, 0x03, 0x03, 0x09, 0x04, 0x00,
  0x01, 0x03, 0x01, 0x09, 0x04, 0x00, 0x01, 0x03, 0x01, 0x09, 0x04, 0x00,
  0x01, 0x03, 0x03, 0x09, 0x04, 0x00, 0x01, 0x03, 0x01, 0x09, 0x04, 0x00,
  0x01, 0x03, 0x01, 0x09, 0x04, 0x00, 0x01, 0x03, 0x03, 0x09, 0x04, 0x00,
  0x01, 0x03, 0x01, 0x09, 0x04, 0x00, 0x01, 0x03, 0x01, 0x09, 0x04, 0x00,
  0x01, 0x03, 0x03, 0x09, 0x04, 0x00, 0x01, 0x03, 0x01, 0x09, 0x04, 0x00,
  0x01, 0x03, 0x01, 0x09, 0x04, 0x00, 0x01, 0x03, 0x03, 0x09, 0x04, 0x00,
  0x01, 0x03, 0x01, 0x09, 0x04, 0x00, 0x01, 0x03, 0x01, 0x09, 0x04, 0x00,
  0x01, 0x03, 0x03, 0x09, 0x04, 0x00, 0x01, 0x03, 0x01, 0x09, 0x04, 0x00,
  0x01, 0x03, 0x01, 0x09, 0x04, 0x00, 0x01, 0x03, 0x03, 0x09, 0x04, 0x00,
  0x01, 0x03, 0x01, 0x09, 0x04, 0x00, 0x01, 0x03, 0x01, 0x09, 0x04, 0x00,
  0x01, 0x03, 0x03, 0x09, 0x04, 0x00, 0x01, 0x03, 0x01, 0x09, 0x04, 0x00,
  0x01, 0x03, 0x01, 0x09, 0x04, 0x00, 0x01, 0x03, 0x03, 0x09, 0x04, 0x00,
  0x01, 0x03, 0x01, 0x09, 0x04, 0x00, 0x01, 0x03, 0x01, 0x09, 0x04, 0x00,
  0x01, 0x09, 0x04, 0x00, 0x00, 0x01, 0x01, 0x67, 0x65, 0x74, 0x70, 0x69,
  0x64, 0x00, 0x68, 0x65, 0x61, 0x64, 0x65, 0x72, 0x00, 0x70, 0x72, 0x65,
  0x76, 0x70, 0x00, 0x5f, 0x5f, 0x62, 0x75, 0x69, 0x6c, 0x74, 0x69, 0x6e,
  0x5f, 0x76, 0x61, 0x5f, 0x6c, 0x69, 0x73, 0x74, 0x00, 0x75, 0x69, 0x6e,
  0x74, 0x36, 0x34, 0x00, 0x66, 0x72, 0x65, 0x65, 0x70, 0x00, 0x74, 0x6f,
  0x5f, 0x62, 0x65, 0x5f, 0x6b, 0x69, 0x6c, 0x6c, 0x65, 0x64, 0x00, 0x47,
  0x4e, 0x55, 0x20, 0x43, 0x31, 0x37, 0x20, 0x31, 0x34, 0x2e, 0x32, 0x2e,
  0x30, 0x20, 0x2d, 0x6d, 0x63, 0x6d, 0x6f, 0x64, 0x65, 0x6c, 0x3d, 0x6d,
  0x65, 0x64, 0x61, 0x6e, 0x79, 0x20, 0x2d, 0x6d, 0x6e, 0x6f, 0x2d, 0x72,
  0x65, 0x6c, 0x61, 0x78, 0x20, 0x2d, 0x6d, 0x61, 0x62, 0x69, 0x3d, 0x6c,
  0x70, 0x36, 0x34, 0x64, 0x20, 0x2d, 0x6d, 0x69, 0x73, 0x61, 0x2d, 0x73,
  0x70, 0x65, 0x63, 0x3d, 0x32, 0x30, 0x31, 0x39, 0x31, 0x32, 0x31, 0x33,
  0x20, 0x2d, 0x6d, 0x74, 0x6c, 0x73, 0x2d, 0x64, 0x69, 0x61, 0x6c, 0x65,
  0x63, 0x74, 0x3d, 0x74, 0x72, 0x61, 0x64, 0x20, 0x2d, 0x6d, 0x61, 0x72,
  0x63, 0x68, 0x3d, 0x72, 0x76, 0x36, 0x34, 0x69, 0x6d, 0x61, 0x66, 0x64,
  0x5f, 0x7a, 0x69, 0x63, 0x73, 0x72, 0x5f, 0x7a, 0x69, 0x66, 0x65, 0x6e,
  0x63, 0x65, 0x69, 0x20, 0x2d, 0x67, 0x67, 0x64, 0x62, 0x20, 0x2d, 0x67,
  0x64, 0x77, 0x61, 0x72, 0x66, 0x2d, 0x32, 0x20, 0x2d, 0x4f, 0x20, 0x2d,
  0x66, 0x6e, 0x6f, 0x2d, 0x6f, 0x6d, 0x69, 0x74, 0x2d, 0x66, 0x72, 0x61,
  0x6d, 0x65, 0x2d, 0x70, 0x6f, 0x69, 0x6e, 0x74, 0x65, 0x72, 0x20, 0x2d,
  0x66, 0x66, 0x72, 0x65, 0x65, 0x73, 0x74, 0x61, 0x6e, 0x64, 0x69, 0x6e,
  0x67, 0x20, 0x2d, 0x66, 0x6e, 0x6f, 0x2d, 0x63, 0x6f, 0x6d, 0x6d, 0x6f,
  0x6e, 0x20, 0x2d, 0x66, 0x6e, 0x6f, 0x2d, 0x73, 0x74, 0x61, 0x63, 0x6b,
  0x2d, 0x70, 0x72, 0x6f, 0x74, 0x65, 0x63, 0x74, 0x6f, 0x72, 0x20, 0x2d,
  0x66, 0x6e, 0x6f, 0x2d, 0x70, 0x69, 0x65, 0x00, 0x76, 0x70, 0x72, 0x69,
  0x6e, 0x74, 0x66, 0x00, 0x41, 0x6c, 0x69, 0x67, 0x6e, 0x00, 0x5f, 0x5f,
  0x67, 0x6e, 0x75, 0x63, 0x5f, 0x76, 0x61, 0x5f, 0x6c, 0x69, 0x73, 0x74,
  0x00, 0x78, 0x73, 0x74, 0x61, 0x74, 0x65, 0x00, 0x75, 0x6e, 0x73, 0x69,
  0x67, 0x6e, 0x65, 0x64, 0x20, 0x63, 0x68, 0x61, 0x72, 0x00, 0x6c, 0x6f,
  0x6e, 0x67, 0x20, 0x75, 0x6e, 0x73, 0x69, 0x67, 0x6e, 0x65, 0x64, 0x20,
  0x69, 0x6e, 0x74, 0x00, 0x73, 0x68, 0x6f, 0x72, 0x74, 0x20, 0x75, 0x6e,
  0x73, 0x69, 0x67, 0x6e, 0x65, 0x64, 0x20, 0x69, 0x6e, 0x74, 0x00, 0x77,
  0x72, 0x69, 0x74, 0x65, 0x00, 0x6b, 0x69, 0x6c, 0x6c, 0x00, 0x70, 0x72,
  0x69, 0x6e, 0x74, 0x69, 0x6e, 0x74, 0x00, 0x61, 0x64, 0x64, 0x5f, 0x68,
  0x65, 0x61, 0x70, 0x74, 0x6f, 0x70, 0x00, 0x6d, 0x61, 0x69, 0x6e, 0x00,
  0x69, 0x6e, 0x69, 0x74, 0x63, 0x6f, 0x64, 0x65, 0x2e, 0x63, 0x00, 0x75,
  0x69, 0x6e, 0x74, 0x00, 0x77, 0x61, 0x69, 0x74, 0x00, 0x6e, 0x62, 0x79,
  0x74, 0x65, 0x73, 0x00, 0x62, 0x61, 0x73, 0x65, 0x00, 0x65, 0x78, 0x65,
  0x63, 0x00, 0x66, 0x6f, 0x72, 0x6b, 0x00, 0x70, 0x75, 0x74, 0x63, 0x00,
  0x6e, 0x75, 0x6e, 0x69, 0x74, 0x73, 0x00, 0x2f, 0x68, 0x6f, 0x6d, 0x65,
  0x2f, 0x64, 0x61, 0x76, 0x69, 0x64, 0x7a, 0x68, 0x61, 0x6e, 0x67, 0x2f,
  0x64, 0x65, 0x76, 0x2f, 0x63, 0x6f, 0x75, 0x72, 0x73, 0x65, 0x2f, 0x4f,
  0x53, 0x2f, 0x65, 0x78, 0x70, 0x2f, 0x78, 0x76, 0x36, 0x2f, 0x75, 0x73,
  0x65, 0x72, 0x00, 0x75, 0x70, 0x74, 0x69, 0x6d, 0x65, 0x00, 0x73, 0x62,
  0x72, 0x6b, 0x00, 0x64, 0x69, 0x67, 0x69, 0x74, 0x73, 0x00, 0x65, 0x78,
  0x69, 0x74, 0x00, 0x61, 0x72, 0x67, 0x76, 0x00, 0x6c, 0x6f, 0x6e, 0x67,
  0x20, 0x69, 0x6e, 0x74, 0x00, 0x66, 0x72, 0x65, 0x65, 0x00, 0x73, 0x6c,
  0x65, 0x65, 0x70, 0x00, 0x73, 0x69, 0x7a, 0x65, 0x00, 0x48, 0x65, 0x61,
  0x64, 0x65, 0x72, 0x00, 0x70, 0x72, 0x69, 0x6e, 0x74, 0x70, 0x74, 0x72,
  0x00, 0x6d, 0x61, 0x6c, 0x6c, 0x6f, 0x63, 0x00, 0x75, 0x73, 0x79, 0x73,
  0x2e, 0x53, 0x00, 0x47, 0x4e, 0x55, 0x20, 0x41, 0x53, 0x20, 0x32, 0x2e,
  0x34, 0x33, 0x2e, 0x31, 0x00, 0x47, 0x43, 0x43, 0x3a, 0x20, 0x28, 0x47,
  0x4e, 0x55, 0x29, 0x20, 0x31, 0x34, 0x2e, 0x32, 0x2e, 0x30, 0x00, 0x41,
  0x60, 0x00, 0x00, 0x00, 0x72, 0x69, 0x73, 0x63, 0x76, 0x00, 0x01, 0x56,
  0x00, 0x00, 0x00, 0x04, 0x10, 0x05, 0x72, 0x76, 0x36, 0x34, 0x69, 0x32,
  0x70, 0x31, 0x5f, 0x6d, 0x32, 0x70, 0x30, 0x5f, 0x61, 0x32, 0x70, 0x31,
  0x5f, 0x66, 0x32, 0x70, 0x32, 0x5f, 0x64, 0x32, 0x70, 0x32, 0x5f, 0x7a,
  0x69, 0x63, 0x73, 0x72, 0x32, 0x70, 0x30, 0x5f, 0x7a, 0x69, 0x66, 0x65,
  0x6e, 0x63, 0x65, 0x69, 0x32, 0x70, 0x30, 0x5f, 0x7a, 0x6d, 0x6d, 0x75,
  0x6c, 0x31, 0x70, 0x30, 0x5f, 0x7a, 0x61, 0x61, 0x6d, 0x6f, 0x31, 0x70,
  0x30, 0x5f, 0x7a, 0x61, 0x6c, 0x72, 0x73, 0x63, 0x31, 0x70, 0x30, 0x00,
  0x00, 0x00, 0x00, 0x00, 0x00, 0x00, 0x00, 0x00, 0x00, 0x00, 0x00, 0x00,
  0x00, 0x00, 0x00, 0x00, 0x00, 0x00, 0x00, 0x00, 0x00, 0x00, 0x00, 0x00,
  0x00, 0x00, 0x00, 0x00, 0x03, 0x00, 0x01, 0x00, 0x00, 0x00, 0x00, 0x00,
  0x00, 0x00, 0x00, 0x00, 0x00, 0x00, 0x00, 0x00, 0x00, 0x00, 0x00, 0x00,
  0x00, 0x00, 0x00, 0x00, 0x03, 0x00, 0x02, 0x00, 0x78, 0x0a, 0x00, 0x00,
  0x00, 0x00, 0x00, 0x00, 0x00, 0x00, 0x00, 0x00, 0x00, 0x00, 0x00, 0x00,
  0x00, 0x00, 0x00, 0x00, 0x03, 0x00, 0x03, 0x00, 0x00, 0x10, 0x00, 0x00,
  0x00, 0x00, 0x00, 0x00, 0x00, 0x00, 0x00, 0x00, 0x00, 0x00, 0x00, 0x00,
  0x00, 0x00, 0x00, 0x00, 0x03, 0x00, 0x04, 0x00, 0x2c, 0x12, 0x00, 0x00,
  0x00, 0x00, 0x00, 0x00, 0x00, 0x00, 0x00, 0x00, 0x00, 0x00, 0x00, 0x00,
  0x00, 0x00, 0x00, 0x00, 0x03, 0x00, 0x05, 0x00, 0x30, 0x12, 0x00, 0x00,
  0x00, 0x00, 0x00, 0x00, 0x00, 0x00, 0x00, 0x00, 0x00, 0x00, 0x00, 0x00,
  0x00, 0x00, 0x00, 0x00, 0x03, 0x00, 0x06, 0x00, 0x00, 0x00, 0x00, 0x00,
  0x00, 0x00, 0x00, 0x00, 0x00, 0x00, 0x00, 0x00, 0x00, 0x00, 0x00, 0x00,
  0x00, 0x00, 0x00, 0x00, 0x03, 0x00, 0x07, 0x00, 0x00, 0x00, 0x00, 0x00,
  0x00, 0x00, 0x00, 0x00, 0x00, 0x00, 0x00, 0x00, 0x00, 0x00, 0x00, 0x00,
  0x00, 0x00, 0x00, 0x00, 0x03, 0x00, 0x08, 0x00, 0x00, 0x00, 0x00, 0x00,
  0x00, 0x00, 0x00, 0x00, 0x00, 0x00, 0x00, 0x00, 0x00, 0x00, 0x00, 0x00,
  0x00, 0x00, 0x00, 0x00, 0x03, 0x00, 0x09, 0x00, 0x00, 0x00, 0x00, 0x00,
  0x00, 0x00, 0x00, 0x00, 0x00, 0x00, 0x00, 0x00, 0x00, 0x00, 0x00, 0x00,
  0x00, 0x00, 0x00, 0x00, 0x03, 0x00, 0x0a, 0x00, 0x00, 0x00, 0x00, 0x00,
  0x00, 0x00, 0x00, 0x00, 0x00, 0x00, 0x00, 0x00, 0x00, 0x00, 0x00, 0x00,
  0x00, 0x00, 0x00, 0x00, 0x03, 0x00, 0x0b, 0x00, 0x00, 0x00, 0x00, 0x00,
  0x00, 0x00, 0x00, 0x00, 0x00, 0x00, 0x00, 0x00, 0x00, 0x00, 0x00, 0x00,
  0x00, 0x00, 0x00, 0x00, 0x03, 0x00, 0x0c, 0x00, 0x00, 0x00, 0x00, 0x00,
  0x00, 0x00, 0x00, 0x00, 0x00, 0x00, 0x00, 0x00, 0x00, 0x00, 0x00, 0x00,
  0x00, 0x00, 0x00, 0x00, 0x03, 0x00, 0x0d, 0x00, 0x00, 0x00, 0x00, 0x00,
  0x00, 0x00, 0x00, 0x00, 0x00, 0x00, 0x00, 0x00, 0x00, 0x00, 0x00, 0x00,
  0x00, 0x00, 0x00, 0x00, 0x03, 0x00, 0x0e, 0x00, 0x00, 0x00, 0x00, 0x00,
  0x00, 0x00, 0x00, 0x00, 0x00, 0x00, 0x00, 0x00, 0x00, 0x00, 0x00, 0x00,
  0x01, 0x00, 0x00, 0x00, 0x04, 0x00, 0xf1, 0xff, 0x00, 0x00, 0x00, 0x00,
  0x00, 0x00, 0x00, 0x00, 0x00, 0x00, 0x00, 0x00, 0x00, 0x00, 0x00, 0x00,
  0x0c, 0x00, 0x00, 0x00, 0x02, 0x00, 0x01, 0x00, 0x00, 0x00, 0x00, 0x00,
  0x00, 0x00, 0x00, 0x00, 0x34, 0x00, 0x00, 0x00, 0x00, 0x00, 0x00, 0x00,
  0x11, 0x00, 0x00, 0x00, 0x00, 0x00, 0x01, 0x00, 0x00, 0x00, 0x00, 0x00,
  0x00, 0x00, 0x00, 0x00, 0x00, 0x00, 0x00, 0x00, 0x00, 0x00, 0x00, 0x00,
  0x61, 0x00, 0x00, 0x00, 0x02, 0x00, 0x01, 0x00, 0x34, 0x00, 0x00, 0x00,
  0x00, 0x00, 0x00, 0x00, 0xd8, 0x00, 0x00, 0x00, 0x00, 0x00, 0x00, 0x00,
  0x6a, 0x00, 0x00, 0x00, 0x01, 0x00, 0x05, 0x00, 0x38, 0x12, 0x00, 0x00,
  0x00, 0x00, 0x00, 0x00, 0x08, 0x00, 0x00, 0x00, 0x00, 0x00, 0x00, 0x00,
  0x70, 0x00, 0x00, 0x00, 0x02, 0x00, 0x01, 0x00, 0x14, 0x02, 0x00, 0x00,
  0x00, 0x00, 0x00, 0x00, 0xac, 0x00, 0x00, 0x00, 0x00, 0x00, 0x00, 0x00,
  0x7c, 0x00, 0x00, 0x00, 0x01, 0x00, 0x05, 0x00, 0x40, 0x12, 0x00, 0x00,
  0x00, 0x00, 0x00, 0x00, 0x10, 0x00, 0x00, 0x00, 0x00, 0x00, 0x00, 0x00,
  0x81, 0x00, 0x00, 0x00, 0x01, 0x00, 0x02, 0x00, 0x48, 0x0c, 0x00, 0x00,
  0x00, 0x00, 0x00, 0x00, 0x11, 0x00, 0x00, 0x00, 0x00, 0x00, 0x00, 0x00,
  0x88, 0x00, 0x00, 0x00, 0x04, 0x00, 0xf1, 0xff, 0x00, 0x00, 0x00, 0x00,
  0x00, 0x00, 0x00, 0x00, 0x00, 0x00, 0x00, 0x00, 0x00, 0x00, 0x00, 0x00,
  0x11, 0x00, 0x00, 0x00, 0x00, 0x00, 0x01, 0x00, 0xfc, 0x09, 0x00, 0x00,
  0x00, 0x00, 0x00, 0x00, 0x00, 0x00, 0x00, 0x00, 0x00, 0x00, 0x00, 0x00,
  0xaf, 0x00, 0x00, 0x00, 0x12, 0x00, 0x01, 0x00, 0x98, 0x06, 0x00, 0x00,
  0x00, 0x00, 0x00, 0x00, 0x54, 0x00, 0x00, 0x00, 0x00, 0x00, 0x00, 0x00,
  0x8f, 0x00, 0x00, 0x00, 0x10, 0x00, 0x01, 0x00, 0x44, 0x0a, 0x00, 0x00,
  0x00, 0x00, 0x00, 0x00, 0x00, 0x00, 0x00, 0x00, 0x00, 0x00, 0x00, 0x00,
  0x96, 0x00, 0x00, 0x00, 0x12, 0x00, 0x01, 0x00, 0xc0, 0x02, 0x00, 0x00,
  0x00, 0x00, 0x00, 0x00, 0x58, 0x01, 0x00, 0x00, 0x00, 0x00, 0x00, 0x00,
  0x9d, 0x00, 0x00, 0x00, 0x10, 0x00, 0x01, 0x00, 0x5c, 0x0a, 0x00, 0x00,
  0x00, 0x00, 0x00, 0x00, 0x00, 0x00, 0x00, 0x00, 0x00, 0x00, 0x00, 0x00,
  0xa3, 0x00, 0x00, 0x00, 0x10, 0x00, 0x01, 0x00, 0x20, 0x0a, 0x00, 0x00,
  0x00, 0x00, 0x00, 0x00, 0x00, 0x00, 0x00, 0x00, 0x00, 0x00, 0x00, 0x00,
  0xa9, 0x00, 0x00, 0x00, 0x10, 0x00, 0x01, 0x00, 0x2c, 0x0a, 0x00, 0x00,
  0x00, 0x00, 0x00, 0x00, 0x00, 0x00, 0x00, 0x00, 0x00, 0x00, 0x00, 0x00,
  0xae, 0x00, 0x00, 0x00, 0x12, 0x00, 0x01, 0x00, 0x18, 0x04, 0x00, 0x00,
  0x00, 0x00, 0x00, 0x00, 0x80, 0x02, 0x00, 0x00, 0x00, 0x00, 0x00, 0x00,
  0xb6, 0x00, 0x00, 0x00, 0x10, 0x00, 0x01, 0x00, 0x38, 0x0a, 0x00, 0x00,
  0x00, 0x00, 0x00, 0x00, 0x00, 0x00, 0x00, 0x00, 0x00, 0x00, 0x00, 0x00,
  0xbb, 0x00, 0x00, 0x00, 0x10, 0x00, 0x01, 0x00, 0x14, 0x0a, 0x00, 0x00,
  0x00, 0x00, 0x00, 0x00, 0x00, 0x00, 0x00, 0x00, 0x00, 0x00, 0x00, 0x00,
  0xc0, 0x00, 0x00, 0x00, 0x10, 0x00, 0x01, 0x00, 0xfc, 0x09, 0x00, 0x00,
  0x00, 0x00, 0x00, 0x00, 0x00, 0x00, 0x00, 0x00, 0x00, 0x00, 0x00, 0x00,
  0xc5, 0x00, 0x00, 0x00, 0x10, 0x00, 0x01, 0x00, 0x50, 0x0a, 0x00, 0x00,
  0x00, 0x00, 0x00, 0x00, 0x00, 0x00, 0x00, 0x00, 0x00, 0x00, 0x00, 0x00,
  0xca, 0x00, 0x00, 0x00, 0x10, 0x00, 0x01, 0x00, 0x68, 0x0a, 0x00, 0x00,
  0x00, 0x00, 0x00, 0x00, 0x00, 0x00, 0x00, 0x00, 0x00, 0x00, 0x00, 0x00,
  0xd1, 0x00, 0x00, 0x00, 0x12, 0x00, 0x01, 0x00, 0xec, 0x06, 0x00, 0x00,
  0x00, 0x00, 0x00, 0x00, 0x10, 0x03, 0x00, 0x00, 0x00, 0x00, 0x00, 0x00,
  0xd6, 0x00, 0x00, 0x00, 0x10, 0x00, 0x01, 0x00, 0x08, 0x0a, 0x00, 0x00,
  0x00, 0x00, 0x00, 0x00, 0x00, 0x00, 0x00, 0x00, 0x00, 0x00, 0x00, 0x00,
  0xdb, 0x00, 0x00, 0x00, 0x12, 0x00, 0x01, 0x00, 0x0c, 0x01, 0x00, 0x00,
  0x00, 0x00, 0x00, 0x00, 0x08, 0x01, 0x00, 0x00, 0x00, 0x00, 0x00, 0x00,
  0x74, 0x00, 0x00, 0x00, 0x11, 0x00, 0x05, 0x00, 0x30, 0x12, 0x00, 0x00,
  0x00, 0x00, 0x00, 0x00, 0x08, 0x00, 0x00, 0x00, 0x00, 0x00, 0x00, 0x00,
  0x00, 0x69, 0x6e, 0x69, 0x74, 0x63, 0x6f, 0x64, 0x65, 0x2e, 0x63, 0x00,
  0x70, 0x75, 0x74, 0x63, 0x00, 0x24, 0x78, 0x72, 0x76, 0x36, 0x34, 0x69,
  0x32, 0x70, 0x31, 0x5f, 0x6d, 0x32, 0x70, 0x30, 0x5f, 0x61, 0x32, 0x70,
  0x31, 0x5f, 0x66, 0x32, 0x70, 0x32, 0x5f, 0x64, 0x32, 0x70, 0x32, 0x5f,
  0x7a, 0x69, 0x63, 0x73, 0x72, 0x32, 0x70, 0x30, 0x5f, 0x7a, 0x69, 0x66,
  0x65, 0x6e, 0x63, 0x65, 0x69, 0x32, 0x70, 0x30, 0x5f, 0x7a, 0x6d, 0x6d,
  0x75, 0x6c, 0x31, 0x70, 0x30, 0x5f, 0x7a, 0x61, 0x61, 0x6d, 0x6f, 0x31,
  0x70, 0x30, 0x5f, 0x7a, 0x61, 0x6c, 0x72, 0x73, 0x63, 0x31, 0x70, 0x30,
  0x00, 0x70, 0x72, 0x69, 0x6e, 0x74, 0x69, 0x6e, 0x74, 0x00, 0x66, 0x72,
  0x65, 0x65, 0x70, 0x00, 0x61, 0x64, 0x64, 0x5f, 0x68, 0x65, 0x61, 0x70,
  0x74, 0x6f, 0x70, 0x00, 0x62, 0x61, 0x73, 0x65, 0x00, 0x64, 0x69, 0x67,
  0x69, 0x74, 0x73, 0x00, 0x75, 0x73, 0x79, 0x73, 0x2e, 0x6f, 0x00, 0x67,
  0x65, 0x74, 0x70, 0x69, 0x64, 0x00, 0x6d, 0x61, 0x6c, 0x6c, 0x6f, 0x63,
  0x00, 0x73, 0x6c, 0x65, 0x65, 0x70, 0x00, 0x77, 0x72, 0x69, 0x74, 0x65,
  0x00, 0x6b, 0x69, 0x6c, 0x6c, 0x00, 0x76, 0x70, 0x72, 0x69, 0x6e, 0x74,
  0x66, 0x00, 0x65, 0x78, 0x65, 0x63, 0x00, 0x77, 0x61, 0x69, 0x74, 0x00,
  0x66, 0x6f, 0x72, 0x6b, 0x00, 0x73, 0x62, 0x72, 0x6b, 0x00, 0x75, 0x70,
  0x74, 0x69, 0x6d, 0x65, 0x00, 0x6d, 0x61, 0x69, 0x6e, 0x00, 0x65, 0x78,
  0x69, 0x74, 0x00, 0x66, 0x72, 0x65, 0x65, 0x00, 0x00, 0x2e, 0x73, 0x79,
  0x6d, 0x74, 0x61, 0x62, 0x00, 0x2e, 0x73, 0x74, 0x72, 0x74, 0x61, 0x62,
  0x00, 0x2e, 0x73, 0x68, 0x73, 0x74, 0x72, 0x74, 0x61, 0x62, 0x00, 0x2e,
  0x74, 0x65, 0x78, 0x74, 0x00, 0x2e, 0x72, 0x6f, 0x64, 0x61, 0x74, 0x61,
  0x00, 0x2e, 0x65, 0x68, 0x5f, 0x66, 0x72, 0x61, 0x6d, 0x65, 0x00, 0x2e,
  0x64, 0x61, 0x74, 0x61, 0x00, 0x2e, 0x62, 0x73, 0x73, 0x00, 0x2e, 0x64,
  0x65, 0x62, 0x75, 0x67, 0x5f, 0x69, 0x6e, 0x66, 0x6f, 0x00, 0x2e, 0x64,
  0x65, 0x62, 0x75, 0x67, 0x5f, 0x61, 0x62, 0x62, 0x72, 0x65, 0x76, 0x00,
  0x2e, 0x64, 0x65, 0x62, 0x75, 0x67, 0x5f, 0x6c, 0x6f, 0x63, 0x00, 0x2e,
  0x64, 0x65, 0x62, 0x75, 0x67, 0x5f, 0x61, 0x72, 0x61, 0x6e, 0x67, 0x65,
  0x73, 0x00, 0x2e, 0x64, 0x65, 0x62, 0x75, 0x67, 0x5f, 0x72, 0x61, 0x6e,
  0x67, 0x65, 0x73, 0x00, 0x2e, 0x64, 0x65, 0x62, 0x75, 0x67, 0x5f, 0x6c,
  0x69, 0x6e, 0x65, 0x00, 0x2e, 0x64, 0x65, 0x62, 0x75, 0x67, 0x5f, 0x73,
  0x74, 0x72, 0x00, 0x2e, 0x63, 0x6f, 0x6d, 0x6d, 0x65, 0x6e, 0x74, 0x00,
  0x2e, 0x72, 0x69, 0x73, 0x63, 0x76, 0x2e, 0x61, 0x74, 0x74, 0x72, 0x69,
  0x62, 0x75, 0x74, 0x65, 0x73, 0x00, 0x00, 0x00, 0x00, 0x00, 0x00, 0x00,
  0x00, 0x00, 0x00, 0x00, 0x00, 0x00, 0x00, 0x00, 0x00, 0x00, 0x00, 0x00,
  0x00, 0x00, 0x00, 0x00, 0x00, 0x00, 0x00, 0x00, 0x00, 0x00, 0x00, 0x00,
  0x00, 0x00, 0x00, 0x00, 0x00, 0x00, 0x00, 0x00, 0x00, 0x00, 0x00, 0x00,
  0x00, 0x00, 0x00, 0x00, 0x00, 0x00, 0x00, 0x00, 0x00, 0x00, 0x00, 0x00,
  0x00, 0x00, 0x00, 0x00, 0x00, 0x00, 0x00, 0x00, 0x00, 0x00, 0x00, 0x00,
  0x00, 0x00, 0x00, 0x00, 0x1b, 0x00, 0x00, 0x00, 0x01, 0x00, 0x00, 0x00,
  0x07, 0x00, 0x00, 0x00, 0x00, 0x00, 0x00, 0x00, 0x00, 0x00, 0x00, 0x00,
  0x00, 0x00, 0x00, 0x00, 0xe8, 0x00, 0x00, 0x00, 0x00, 0x00, 0x00, 0x00,
  0x74, 0x0a, 0x00, 0x00, 0x00, 0x00, 0x00, 0x00, 0x00, 0x00, 0x00, 0x00,
  0x00, 0x00, 0x00, 0x00, 0x04, 0x00, 0x00, 0x00, 0x00, 0x00, 0x00, 0x00,
  0x00, 0x00, 0x00, 0x00, 0x00, 0x00, 0x00, 0x00, 0x21, 0x00, 0x00, 0x00,
  0x01, 0x00, 0x00, 0x00, 0x02, 0x00, 0x00, 0x00, 0x00, 0x00, 0x00, 0x00,
  0x78, 0x0a, 0x00, 0x00, 0x00, 0x00, 0x00, 0x00, 0x60, 0x0b, 0x00, 0x00,
  0x00, 0x00, 0x00, 0x00, 0x88, 0x05, 0x00, 0x00, 0x00, 0x00, 0x00, 0x00,
  0x00, 0x00, 0x00, 0x00, 0x00, 0x00, 0x00, 0x00, 0x08, 0x00, 0x00, 0x00,
  0x00, 0x00, 0x00, 0x00, 0x00, 0x00, 0x00, 0x00, 0x00, 0x00, 0x00, 0x00,
  0x29, 0x00, 0x00, 0x00, 0x01, 0x00, 0x00, 0x00, 0x02, 0x00, 0x00, 0x00,
  0x00, 0x00, 0x00, 0x00, 0x00, 0x10, 0x00, 0x00, 0x00, 0x00, 0x00, 0x00,
  0xe8, 0x10, 0x00, 0x00, 0x00, 0x00, 0x00, 0x00, 0x2c, 0x02, 0x00, 0x00,
  0x00, 0x00, 0x00, 0x00, 0x00, 0x00, 0x00, 0x00, 0x00, 0x00, 0x00, 0x00,
  0x08, 0x00, 0x00, 0x00, 0x00, 0x00, 0x00, 0x00, 0x00, 0x00, 0x00, 0x00,
  0x00, 0x00, 0x00, 0x00, 0x33, 0x00, 0x00, 0x00, 0x01, 0x00, 0x00, 0x00,
  0x03, 0x00, 0x00, 0x00, 0x00, 0x00, 0x00, 0x00, 0x2c, 0x12, 0x00, 0x00,
  0x00, 0x00, 0x00, 0x00, 0x14, 0x13, 0x00, 0x00, 0x00, 0x00, 0x00, 0x00,
  0x04, 0x00, 0x00, 0x00, 0x00, 0x00, 0x00, 0x00, 0x00, 0x00, 0x00, 0x00,
  0x00, 0x00, 0x00, 0x00, 0x01, 0x00, 0x00, 0x00, 0x00, 0x00, 0x00, 0x00,
  0x00, 0x00, 0x00, 0x00, 0x00, 0x00, 0x00, 0x00, 0x39, 0x00, 0x00, 0x00,
  0x08, 0x00, 0x00, 0x00, 0x03, 0x00, 0x00, 0x00, 0x00, 0x00, 0x00, 0x00,
  0x30, 0x12, 0x00, 0x00, 0x00, 0x00, 0x00, 0x00, 0x18, 0x13, 0x00, 0x00,
  0x00, 0x00, 0x00, 0x00, 0x20, 0x00, 0x00, 0x00, 0x00, 0x00, 0x00, 0x00,
  0x00, 0x00, 0x00, 0x00, 0x00, 0x00, 0x00, 0x00, 0x08, 0x00, 0x00, 0x00,
  0x00, 0x00, 0x00, 0x00, 0x00, 0x00, 0x00, 0x00, 0x00, 0x00, 0x00, 0x00,
  0x3e, 0x00, 0x00, 0x00, 0x01, 0x00, 0x00, 0x00, 0x00, 0x00, 0x00, 0x00,
  0x00, 0x00, 0x00, 0x00, 0x00, 0x00, 0x00, 0x00, 0x00, 0x00, 0x00, 0x00,
  0x18, 0x13, 0x00, 0x00, 0x00, 0x00, 0x00, 0x00, 0x64, 0x0c, 0x00, 0x00,
  0x00, 0x00, 0x00, 0x00, 0x00, 0x00, 0x00, 0x00, 0x00, 0x00, 0x00, 0x00,
  0x01, 0x00, 0x00, 0x00, 0x00, 0x00, 0x00, 0x00, 0x00, 0x00, 0x00, 0x00,
  0x00, 0x00, 0x00, 0x00, 0x4a, 0x00, 0x00, 0x00, 0x01, 0x00, 0x00, 0x00,
  0x00, 0x00, 0x00, 0x00, 0x00, 0x00, 0x00, 0x00, 0x00, 0x00, 0x00, 0x00,
  0x00, 0x00, 0x00, 0x00, 0x7c, 0x1f, 0x00, 0x00, 0x00, 0x00, 0x00, 0x00,
  0x23, 0x03, 0x00, 0x00, 0x00, 0x00, 0x00, 0x00, 0x00, 0x00, 0x00, 0x00,
  0x00, 0x00, 0x00, 0x00, 0x01, 0x00, 0x00, 0x00, 0x00, 0x00, 0x00, 0x00,
  0x00, 0x00, 0x00, 0x00, 0x00, 0x00, 0x00, 0x00, 0x58, 0x00, 0x00, 0x00,
  0x01, 0x00, 0x00, 0x00, 0x00, 0x00, 0x00, 0x00, 0x00, 0x00, 0x00, 0x00,
  0x00, 0x00, 0x00, 0x00, 0x00, 0x00, 0x00, 0x00, 0x9f, 0x22, 0x00, 0x00,
  0x00, 0x00, 0x00, 0x00, 0x37, 0x12, 0x00, 0x00, 0x00, 0x00, 0x00, 0x00,
  0x00, 0x00, 0x00, 0x00, 0x00, 0x00, 0x00, 0x00, 0x01, 0x00, 0x00, 0x00,
  0x00, 0x00, 0x00, 0x00, 0x00, 0x00, 0x00, 0x00, 0x00, 0x00, 0x00, 0x00,
  0x63, 0x00, 0x00, 0x00, 0x01, 0x00, 0x00, 0x00, 0x00, 0x00, 0x00, 0x00,
  0x00, 0x00, 0x00, 0x00, 0x00, 0x00, 0x00, 0x00, 0x00, 0x00, 0x00, 0x00,
  0xe0, 0x34, 0x00, 0x00, 0x00, 0x00, 0x00, 0x00, 0x60, 0x00, 0x00, 0x00,
  0x00, 0x00, 0x00, 0x00, 0x00, 0x00, 0x00, 0x00, 0x00, 0x00, 0x00, 0x00,
  0x10, 0x00, 0x00, 0x00, 0x00, 0x00, 0x00, 0x00, 0x00, 0x00, 0x00, 0x00,
  0x00, 0x00, 0x00, 0x00, 0x72, 0x00, 0x00, 0x00, 0x01, 0x00, 0x00, 0x00,
  0x00, 0x00, 0x00, 0x00, 0x00, 0x00, 0x00, 0x00, 0x00, 0x00, 0x00, 0x00,
  0x00, 0x00, 0x00, 0x00, 0x40, 0x35, 0x00, 0x00, 0x00, 0x00, 0x00, 0x00,
  0x30, 0x00, 0x00, 0x00, 0x00, 0x00, 0x00, 0x00, 0x00, 0x00, 0x00, 0x00,
  0x00, 0x00, 0x00, 0x00, 0x01, 0x00, 0x00, 0x00, 0x00, 0x00, 0x00, 0x00,
  0x00, 0x00, 0x00, 0x00, 0x00, 0x00, 0x00, 0x00, 0x80, 0x00, 0x00, 0x00,
  0x01, 0x00, 0x00, 0x00, 0x00, 0x00, 0x00, 0x00, 0x00, 0x00, 0x00, 0x00,
  0x00, 0x00, 0x00, 0x00, 0x00, 0x00, 0x00, 0x00, 0x70, 0x35, 0x00, 0x00,
  0x00, 0x00, 0x00, 0x00, 0x1b, 0x0d, 0x00, 0x00, 0x00, 0x00, 0x00, 0x00,
  0x00, 0x00, 0x00, 0x00, 0x00, 0x00, 0x00, 0x00, 0x01, 0x00, 0x00, 0x00,
  0x00, 0x00, 0x00, 0x00, 0x00, 0x00, 0x00, 0x00, 0x00, 0x00, 0x00, 0x00,
  0x8c, 0x00, 0x00, 0x00, 0x01, 0x00, 0x00, 0x00, 0x30, 0x00, 0x00, 0x00,
  0x00, 0x00, 0x00, 0x00, 0x00, 0x00, 0x00, 0x00, 0x00, 0x00, 0x00, 0x00,
  0x8b, 0x42, 0x00, 0x00, 0x00, 0x00, 0x00, 0x00, 0x62, 0x02, 0x00, 0x00,
  0x00, 0x00, 0x00, 0x00, 0x00, 0x00, 0x00, 0x00, 0x00, 0x00, 0x00, 0x00,
  0x01, 0x00, 0x00, 0x00, 0x00, 0x00, 0x00, 0x00, 0x01, 0x00, 0x00, 0x00,
  0x00, 0x00, 0x00, 0x00, 0x97, 0x00, 0x00, 0x00, 0x01, 0x00, 0x00, 0x00,
  0x30, 0x00, 0x00, 0x00, 0x00, 0x00, 0x00, 0x00, 0x00, 0x00, 0x00, 0x00,
  0x00, 0x00, 0x00, 0x00, 0xed, 0x44, 0x00, 0x00, 0x00, 0x00, 0x00, 0x00,
  0x12, 0x00, 0x00, 0x00, 0x00, 0x00, 0x00, 0x00, 0x00, 0x00, 0x00, 0x00,
  0x00, 0x00, 0x00, 0x00, 0x01, 0x00, 0x00, 0x00, 0x00, 0x00, 0x00, 0x00,
  0x01, 0x00, 0x00, 0x00, 0x00, 0x00, 0x00, 0x00, 0xa0, 0x00, 0x00, 0x00,
  0x03, 0x00, 0x00, 0x70, 0x00, 0x00, 0x00, 0x00, 0x00, 0x00, 0x00, 0x00,
  0x00, 0x00, 0x00, 0x00, 0x00, 0x00, 0x00, 0x00, 0xff, 0x44, 0x00, 0x00,
  0x00, 0x00, 0x00, 0x00, 0x61, 0x00, 0x00, 0x00, 0x00, 0x00, 0x00, 0x00,
  0x00, 0x00, 0x00, 0x00, 0x00, 0x00, 0x00, 0x00, 0x01, 0x00, 0x00, 0x00,
  0x00, 0x00, 0x00, 0x00, 0x00, 0x00, 0x00, 0x00, 0x00, 0x00, 0x00, 0x00,
  0x01, 0x00, 0x00, 0x00, 0x02, 0x00, 0x00, 0x00, 0x00, 0x00, 0x00, 0x00,
  0x00, 0x00, 0x00, 0x00, 0x00, 0x00, 0x00, 0x00, 0x00, 0x00, 0x00, 0x00,
  0x60, 0x45, 0x00, 0x00, 0x00, 0x00, 0x00, 0x00, 0xd8, 0x03, 0x00, 0x00,
  0x00, 0x00, 0x00, 0x00, 0x10, 0x00, 0x00, 0x00, 0x19, 0x00, 0x00, 0x00,
  0x08, 0x00, 0x00, 0x00, 0x00, 0x00, 0x00, 0x00, 0x18, 0x00, 0x00, 0x00,
  0x00, 0x00, 0x00, 0x00, 0x09, 0x00, 0x00, 0x00, 0x03, 0x00, 0x00, 0x00,
  0x00, 0x00, 0x00, 0x00, 0x00, 0x00, 0x00, 0x00, 0x00, 0x00, 0x00, 0x00,
  0x00, 0x00, 0x00, 0x00, 0x38, 0x49, 0x00, 0x00, 0x00, 0x00, 0x00, 0x00,
  0xe0, 0x00, 0x00, 0x00, 0x00, 0x00, 0x00, 0x00, 0x00, 0x00, 0x00, 0x00,
  0x00, 0x00, 0x00, 0x00, 0x01, 0x00, 0x00, 0x00, 0x00, 0x00, 0x00, 0x00,
  0x00, 0x00, 0x00, 0x00, 0x00, 0x00, 0x00, 0x00, 0x11, 0x00, 0x00, 0x00,
  0x03, 0x00, 0x00, 0x00, 0x00, 0x00, 0x00, 0x00, 0x00, 0x00, 0x00, 0x00,
  0x00, 0x00, 0x00, 0x00, 0x00, 0x00, 0x00, 0x00, 0x18, 0x4a, 0x00, 0x00,
  0x00, 0x00, 0x00, 0x00, 0xb2, 0x00, 0x00, 0x00, 0x00, 0x00, 0x00, 0x00,
  0x00, 0x00, 0x00, 0x00, 0x00, 0x00, 0x00, 0x00, 0x01, 0x00, 0x00, 0x00,
  0x00, 0x00, 0x00, 0x00, 0x00, 0x00, 0x00, 0x00, 0x00, 0x00, 0x00, 0x00
};
unsigned int initcode_out_len = 20304;
